PLAYER,TEAM,INJURED ON,RETURNED,DAYS MISSED,INJURY TYPE
Seth Curry,76ers,19 March 2021,25 March 2021,6,Sprained Left Ankle
Garrett Temple,Bulls,13 March 2021,24 March 2021,11,Sprained Left Ankle
Myles Turner,Pacers,22 March 2021,24 March 2021,2,Sprained Left Ankle
Ben McLemore,Rockets,16 March 2021,19 March 2021,3,Sprained Left Ankle
Jordan Nwora,Bucks,12 February 2021,13 March 2021,29,Sprained Left Ankle
Aaron Gordon,Magic,01 February 2021,11 March 2021,38,Sprained Left Ankle
Taj Gibson,Knicks,28 February 2021,11 March 2021,11,Sprained Left Ankle
Maxi Kleber,Mavericks,23 February 2021,25 February 2021,2,Sprained Left Ankle
Goran Dragic,Heat,06 February 2021,24 February 2021,18,Sprained Left Ankle
Jarrett Culver,Timberwolves,26 January 2021,24 February 2021,29,Sprained Left Ankle
Kevon Looney,Warriors,03 February 2021,23 February 2021,20,Sprained Left Ankle
Shake Milton,76ers,11 February 2021,21 February 2021,10,Sprained Left Ankle
Yuta Watanabe,Raptors,10 February 2021,18 February 2021,8,Sprained Left Ankle
Dario Saric,Suns,05 February 2021,13 February 2021,8,Sprained Left Ankle
DaQuan Jeffries,Kings,30 December 2020,12 February 2021,44,Sprained Left Ankle
David Nwaba,Rockets,31 January 2021,06 February 2021,6,Sprained Left Ankle
Ty Jerome,Thunder,22 December 2020,03 February 2021,43,Sprained Left Ankle
Rajon Rondo,Hawks,27 January 2021,29 January 2021,2,Sprained Left Ankle
Nick Richards,Hornets,25 January 2021,27 January 2021,2,Sprained Left Ankle
Alec Burks,Knicks,02 January 2021,21 January 2021,19,Sprained Left Ankle
Frank Jackson,Pistons,16 January 2021,20 January 2021,4,Sprained Left Ankle
Tacko Fall,Celtics,17 January 2021,19 January 2021,2,Sprained Left Ankle
Jalen Lecque,Pacers,05 January 2021,17 January 2021,12,Sprained Left Ankle
Ja Morant,Grizzlies,29 December 2020,16 January 2021,18,Sprained Left Ankle
Kentavious Caldwell-Pope,Lakers,03 January 2021,10 January 2021,7,Sprained Left Ankle
Jeff Teague,Celtics,04 January 2021,08 January 2021,4,Sprained Left Ankle
Nerlens Noel,Knicks,06 January 2021,08 January 2021,2,Sprained Left Ankle
Rodions Kurucs,Nets,05 January 2021,07 January 2021,2,Sprained Left Ankle
Jalen Smith,Suns,31 December 2020,06 January 2021,6,Sprained Left Ankle
Grayson Allen,Grizzlies,01 January 2021,03 January 2021,2,Sprained Left Ankle
JaVale McGee,Lakers,10 September 2020,12 September 2020,2,Sprained Left Ankle
Jayson Tatum,Celtics,12 August 2020,17 August 2020,5,Sprained Left Ankle
Nigel Williams-Goss,Jazz,04 August 2020,13 August 2020,9,Sprained Left Ankle
Eric Gordon,Rockets,31 July 2020,12 August 2020,12,Sprained Left Ankle
Jarrett Allen,Nets,10 August 2020,12 August 2020,2,Sprained Left Ankle
Goran Dragic,Heat,06 August 2020,10 August 2020,4,Sprained Left Ankle
Deandre Ayton,Suns,06 March 2020,31 July 2020,147,Sprained Left Ankle
Meyers Leonard,Heat,05 February 2020,31 July 2020,177,Sprained Left Ankle
Seth Curry,Mavericks,08 March 2020,31 July 2020,145,Sprained Left Ankle
Garrett Temple,Nets,04 March 2020,29 July 2020,147,Sprained Left Ankle
Kobi Simmons,Hornets,07 March 2020,09 March 2020,2,Sprained Left Ankle
D.J. Wilson,Bucks,06 March 2020,08 March 2020,2,Sprained Left Ankle
Mario Hezonja,Blazers,11 February 2020,23 February 2020,12,Sprained Left Ankle
Dario Saric,Suns,02 February 2020,21 February 2020,19,Sprained Left Ankle
Nassir Little,Blazers,05 February 2020,20 February 2020,15,Sprained Left Ankle
Zion Williamson,Pelicans,08 February 2020,11 February 2020,3,Sprained Left Ankle
J.J. Barea,Mavericks,05 February 2020,07 February 2020,2,Sprained Left Ankle
De'Andre Hunter,Hawks,03 February 2020,05 February 2020,2,Sprained Left Ankle
Jamal Murray,Nuggets,16 January 2020,04 February 2020,19,Sprained Left Ankle
Moritz Wagner,Wizards,16 December 2019,02 February 2020,48,Sprained Left Ankle
Donte DiVincenzo,Bucks,31 January 2020,01 February 2020,1,Sprained Left Ankle
Abdel Nader,Thunder,15 January 2020,29 January 2020,14,Sprained Left Ankle
CJ McCollum,Blazers,18 January 2020,26 January 2020,8,Sprained Left Ankle
Jakarr Sampson,Pacers,24 January 2020,26 January 2020,2,Sprained Left Ankle
Steven Adams,Thunder,22 January 2020,25 January 2020,3,Sprained Left Ankle
Nerlens Noel,Thunder,06 January 2020,17 January 2020,11,Sprained Left Ankle
Alex Len,Hawks,27 December 2019,28 December 2019,1,Sprained Left Ankle
Kyle Kuzma,Lakers,11 December 2019,22 December 2019,11,Sprained Left Ankle
De'Aaron Fox,Kings,12 November 2019,17 December 2019,35,Sprained Left Ankle
Landry Shamet,Clippers,13 November 2019,14 December 2019,31,Sprained Left Ankle
Moritz Wagner,Wizards,01 December 2019,05 December 2019,4,Sprained Left Ankle
Rudy Gobert,Jazz,25 November 2019,27 November 2019,2,Sprained Left Ankle
Furkan Korkmaz,76ers,23 November 2019,25 November 2019,2,Sprained Left Ankle
Jahlil Okafor,Pelicans,17 November 2019,24 November 2019,7,Sprained Left Ankle
Jeremy Lamb,Pacers,06 November 2019,23 November 2019,17,Sprained Left Ankle
Jahlil Okafor,Pelicans,16 November 2019,17 November 2019,1,Sprained Left Ankle
Omari Spellman,Warriors,11 November 2019,13 November 2019,2,Sprained Left Ankle
DeAndre Jordan,Nets,08 November 2019,10 November 2019,2,Sprained Left Ankle
Daniel Theis,Celtics,26 October 2019,30 October 2019,4,Sprained Left Ankle
Bojan Bogdanovic,Jazz,25 October 2019,26 October 2019,1,Sprained Left Ankle
D.J. Wilson,Bucks,08 May 2019,17 May 2019,9,Sprained Left Ankle
Tony Snell,Bucks,28 March 2019,20 April 2019,23,Sprained Left Ankle
Tony Snell,Bucks,26 March 2019,28 March 2019,2,Sprained Left Ankle
Aron Baynes,Celtics,23 March 2019,24 March 2019,1,Sprained Left Ankle
Kyle Lowry,Raptors,14 March 2019,18 March 2019,4,Sprained Left Ankle
Dante Exum,Jazz,07 January 2019,11 March 2019,63,Sprained Left Ankle
Domantas Sabonis,Pacers,27 February 2019,10 March 2019,11,Sprained Left Ankle
DeAndre Jordan,Knicks,24 February 2019,06 March 2019,10,Sprained Left Ankle
Jahlil Okafor,Pelicans,04 March 2019,06 March 2019,2,Sprained Left Ankle
Kevin Huerter,Hawks,22 February 2019,25 February 2019,3,Sprained Left Ankle
Tyus Jones,Timberwolves,18 January 2019,22 February 2019,35,Sprained Left Ankle
Jahlil Okafor,Pelicans,08 February 2019,12 February 2019,4,Sprained Left Ankle
Rudy Gay,Spurs,09 February 2019,12 February 2019,3,Sprained Left Ankle
Jamal Murray,Nuggets,26 January 2019,06 February 2019,11,Sprained Left Ankle
David Nwaba,Cavaliers,26 December 2018,02 February 2019,38,Sprained Left Ankle
Luke Kornet,Knicks,23 January 2019,01 February 2019,9,Sprained Left Ankle
Reggie Bullock,Pistons,29 January 2019,31 January 2019,2,Sprained Left Ankle
Kyle Anderson,Grizzlies,14 January 2019,28 January 2019,14,Sprained Left Ankle
Henry Ellenson,Pistons,21 January 2019,25 January 2019,4,Sprained Left Ankle
Dewayne Dedmon,Hawks,15 January 2019,19 January 2019,4,Sprained Left Ankle
Henry Ellenson,Pistons,12 December 2018,19 January 2019,38,Sprained Left Ankle
Frank Ntilikina,Knicks,07 January 2019,13 January 2019,6,Sprained Left Ankle
Glenn Robinson III,Pistons,11 December 2018,30 December 2018,19,Sprained Left Ankle
John Collins,Hawks,23 December 2018,26 December 2018,3,Sprained Left Ankle
Brandon Ingram,Lakers,07 December 2018,21 December 2018,14,Sprained Left Ankle
J.J. Barea,Mavericks,13 December 2018,18 December 2018,5,Sprained Left Ankle
Kyle Anderson,Grizzlies,15 December 2018,17 December 2018,2,Sprained Left Ankle
Marquese Chriss,Rockets,07 December 2018,17 December 2018,10,Sprained Left Ankle
Reggie Bullock,Pistons,05 December 2018,15 December 2018,10,Sprained Left Ankle
Aron Baynes,Celtics,10 December 2018,12 December 2018,2,Sprained Left Ankle
Aron Baynes,Celtics,08 December 2018,10 December 2018,2,Sprained Left Ankle
CJ McCollum,Blazers,06 December 2018,08 December 2018,2,Sprained Left Ankle
Terrance Ferguson,Thunder,23 November 2018,03 December 2018,10,Sprained Left Ankle
Hamidou Diallo,Thunder,23 November 2018,30 November 2018,7,Sprained Left Ankle
Avery Bradley,Clippers,05 November 2018,19 November 2018,14,Sprained Left Ankle
Russell Westbrook,Thunder,06 November 2018,17 November 2018,11,Sprained Left Ankle
Aaron Gordon,Magic,11 November 2018,12 November 2018,1,Sprained Left Ankle
Donovan Mitchell,Jazz,05 November 2018,07 November 2018,2,Sprained Left Ankle
Rodions Kurucs,Nets,24 October 2018,02 November 2018,9,Sprained Left Ankle
Marquese Chriss,Rockets,16 October 2018,30 October 2018,14,Sprained Left Ankle
Cristiano Felicio,Bulls,18 October 2018,24 October 2018,6,Sprained Left Ankle
TJ Leaf,Pacers,18 October 2018,24 October 2018,6,Sprained Left Ankle
George Hill,Cavaliers,01 April 2018,09 April 2018,8,Sprained Left Ankle
Damian Lillard,Blazers,05 April 2018,07 April 2018,2,Sprained Left Ankle
James Johnson,Heat,04 April 2018,06 April 2018,2,Sprained Left Ankle
Alex Len,Suns,28 March 2018,03 April 2018,6,Sprained Left Ankle
Chris Boucher,Warriors,27 March 2018,31 March 2018,4,Sprained Left Ankle
Domantas Sabonis,Pacers,15 March 2018,27 March 2018,12,Sprained Left Ankle
Dennis Smith Jr.,Mavericks,20 March 2018,24 March 2018,4,Sprained Left Ankle
John Collins,Hawks,19 March 2018,23 March 2018,4,Sprained Left Ankle
Myles Turner,Pacers,17 March 2018,19 March 2018,2,Sprained Left Ankle
Norman Powell,Raptors,15 March 2018,18 March 2018,3,Sprained Left Ankle
Anthony Davis,Pelicans,09 March 2018,11 March 2018,2,Sprained Left Ankle
Russell Westbrook,Thunder,08 February 2018,13 February 2018,5,Sprained Left Ankle
Dejounte Murray,Spurs,09 February 2018,12 February 2018,3,Sprained Left Ankle
Harrison Barnes,Mavericks,05 February 2018,10 February 2018,5,Sprained Left Ankle
Johnathan Motley,Mavericks,08 February 2018,10 February 2018,2,Sprained Left Ankle
Marvin Williams,Hornets,31 January 2018,08 February 2018,8,Sprained Left Ankle
Marquese Chriss,Suns,29 January 2018,31 January 2018,2,Sprained Left Ankle
Tyler Johnson,Heat,17 January 2018,27 January 2018,10,Sprained Left Ankle
DeAndre Jordan,Clippers,13 January 2018,24 January 2018,11,Sprained Left Ankle
Brandon Ingram,Lakers,19 January 2018,21 January 2018,2,Sprained Left Ankle
Derrick Rose,Cavaliers,09 November 2017,18 January 2018,70,Sprained Left Ankle
Marco Belinelli,Hawks,12 January 2018,15 January 2018,3,Sprained Left Ankle
Bojan Bogdanovic,Pacers,06 January 2018,08 January 2018,2,Sprained Left Ankle
Mike Muscala,Hawks,02 December 2017,02 January 2018,31,Sprained Left Ankle
Andre Roberson,Thunder,11 December 2017,15 December 2017,4,Sprained Left Ankle
Nikola Jokic,Nuggets,02 December 2017,13 December 2017,11,Sprained Left Ankle
Frank Ntilikina,Knicks,29 November 2017,03 December 2017,4,Sprained Left Ankle
Kevin Durant,Warriors,24 November 2017,29 November 2017,5,Sprained Left Ankle
Kevin Durant,Warriors,19 November 2017,22 November 2017,3,Sprained Left Ankle
Mike Muscala,Hawks,06 November 2017,18 November 2017,12,Sprained Left Ankle
JaMychal Green,Grizzlies,21 October 2017,14 November 2017,24,Sprained Left Ankle
Kristaps Porzingis,Knicks,08 November 2017,11 November 2017,3,Sprained Left Ankle
TJ Leaf,Pacers,05 November 2017,07 November 2017,2,Sprained Left Ankle
Jonas Valanciunas,Raptors,23 October 2017,01 November 2017,9,Sprained Left Ankle
Derrick Rose,Cavaliers,21 October 2017,29 October 2017,8,Sprained Left Ankle
Dennis Schroder,Hawks,23 October 2017,27 October 2017,4,Sprained Left Ankle
Malcolm Brogdon,Bucks,23 October 2017,26 October 2017,3,Sprained Left Ankle
Alex Len,Suns,18 October 2017,20 October 2017,2,Sprained Left Ankle
Kawhi Leonard,Spurs,16 May 2017,22 May 2017,6,Sprained Left Ankle
Kawhi Leonard,Spurs,11 May 2017,14 May 2017,3,Sprained Left Ankle
Chasson Randle,Knicks,06 April 2017,07 April 2017,1,Sprained Left Ankle
DeMarre Carroll,Raptors,08 March 2017,10 March 2017,2,Sprained Left Ankle
Dion Waiters,Heat,08 February 2017,13 February 2017,5,Sprained Left Ankle
Derrick Rose,Knicks,29 January 2017,06 February 2017,8,Sprained Left Ankle
Joe Harris,Nets,23 January 2017,01 February 2017,9,Sprained Left Ankle
Joakim Noah,Knicks,18 January 2017,21 January 2017,3,Sprained Left Ankle
Ed Davis,Blazers,17 January 2017,20 January 2017,3,Sprained Left Ankle
Nerlens Noel,76ers,16 January 2017,18 January 2017,2,Sprained Left Ankle
Aron Baynes,Pistons,01 January 2017,08 January 2017,7,Sprained Left Ankle
Damian Lillard,Blazers,26 December 2016,05 January 2017,10,Sprained Left Ankle
Marco Belinelli,Hornets,31 December 2016,04 January 2017,4,Sprained Left Ankle
Rodney McGruder,Heat,19 December 2016,27 December 2016,8,Sprained Left Ankle
Evan Turner,Blazers,21 December 2016,26 December 2016,5,Sprained Left Ankle
Nerlens Noel,76ers,14 December 2016,16 December 2016,2,Sprained Left Ankle
Moe Harkless,Blazers,08 December 2016,10 December 2016,2,Sprained Left Ankle
Courtney Lee,Knicks,02 December 2016,06 December 2016,4,Sprained Left Ankle
Joakim Noah,Knicks,30 November 2016,04 December 2016,4,Sprained Left Ankle
Jae Crowder,Celtics,03 November 2016,19 November 2016,16,Sprained Left Ankle
Rajon Rondo,Bulls,15 November 2016,19 November 2016,4,Sprained Left Ankle
Goran Dragic,Heat,11 November 2016,17 November 2016,6,Sprained Left Ankle
Paul George,Pacers,12 November 2016,14 November 2016,2,Sprained Left Ankle
Patrick McCaw,Warriors,30 October 2016,07 November 2016,8,Sprained Left Ankle
Lance Thomas,Knicks,04 November 2016,06 November 2016,2,Sprained Left Ankle
Marcus Smart,Celtics,26 October 2016,02 November 2016,7,Sprained Left Ankle
Nicolas Batum,Hornets,23 April 2016,27 April 2016,4,Sprained Left Ankle
Justise Winslow,Heat,12 April 2016,13 April 2016,1,Sprained Left Ankle
Andre Iguodala,Warriors,14 March 2016,05 April 2016,22,Sprained Left Ankle
Marvin Williams,Hornets,22 March 2016,25 March 2016,3,Sprained Left Ankle
James Johnson,Raptors,02 February 2016,19 February 2016,17,Sprained Left Ankle
Noah Vonleh,Blazers,04 February 2016,10 February 2016,6,Sprained Left Ankle
Ish Smith,76ers,06 February 2016,08 February 2016,2,Sprained Left Ankle
Rudy Gay,Kings,07 February 2016,08 February 2016,1,Sprained Left Ankle
DeMarcus Cousins,Kings,30 January 2016,03 February 2016,4,Sprained Left Ankle
Dwight Howard,Rockets,21 January 2016,27 January 2016,6,Sprained Left Ankle
Ian Mahinmi,Pacers,22 January 2016,26 January 2016,4,Sprained Left Ankle
Patrick Beverley,Rockets,20 January 2016,24 January 2016,4,Sprained Left Ankle
Danilo Gallinari,Nuggets,22 December 2015,02 January 2016,11,Sprained Left Ankle
Harrison Barnes,Warriors,28 November 2015,02 January 2016,35,Sprained Left Ankle
James Johnson,Raptors,22 December 2015,26 December 2015,4,Sprained Left Ankle
Julius Randle,Lakers,23 December 2015,25 December 2015,2,Sprained Left Ankle
LaMarcus Aldridge,Spurs,21 November 2015,25 November 2015,4,Sprained Left Ankle
Cody Zeller,Hornets,20 November 2015,23 November 2015,3,Sprained Left Ankle
Rudy Gobert,Jazz,13 November 2015,15 November 2015,2,Sprained Left Ankle
Rudy Gobert,Jazz,12 November 2015,13 November 2015,1,Sprained Left Ankle
CJ McCollum,Blazers,15 April 2015,19 April 2015,4,Sprained Left Ankle
Andre Roberson,Thunder,24 March 2015,07 April 2015,14,Sprained Left Ankle
Brandon Knight,Suns,30 March 2015,04 April 2015,5,Sprained Left Ankle
J.J. Barea,Mavericks,22 March 2015,01 April 2015,10,Sprained Left Ankle
Jeff Teague,Hawks,27 March 2015,30 March 2015,3,Sprained Left Ankle
Brandon Knight,Suns,11 March 2015,25 March 2015,14,Sprained Left Ankle
Dewayne Dedmon,Magic,18 March 2015,25 March 2015,7,Sprained Left Ankle
Tobias Harris,Magic,18 March 2015,25 March 2015,7,Sprained Left Ankle
Anthony Davis,Pelicans,19 March 2015,22 March 2015,3,Sprained Left Ankle
Enes Kanter,Thunder,20 March 2015,22 March 2015,2,Sprained Left Ankle
DeMarcus Cousins,Kings,27 February 2015,03 March 2015,4,Sprained Left Ankle
Tyson Chandler,Mavericks,11 February 2015,19 February 2015,8,Sprained Left Ankle
Tobias Harris,Magic,14 January 2015,21 January 2015,7,Sprained Left Ankle
Cory Joseph,Spurs,26 November 2014,10 January 2015,45,Sprained Left Ankle
Isaiah Canaan,Rockets,13 December 2014,17 December 2014,4,Sprained Left Ankle
Nerlens Noel,76ers,07 November 2014,13 November 2014,6,Sprained Left Ankle
Taj Gibson,Bulls,01 November 2014,04 November 2014,3,Sprained Left Ankle
Dwight Howard,Rockets,09 April 2014,12 April 2014,3,Sprained Left Ankle
Terrence Ross,Raptors,02 March 2014,07 March 2014,5,Sprained Left Ankle
Meyers Leonard,Blazers,19 February 2014,01 March 2014,10,Sprained Left Ankle
Nikola Vucevic,Magic,04 January 2014,06 January 2014,2,Sprained Left Ankle
Brook Lopez,Nets,18 November 2013,29 November 2013,11,Sprained Left Ankle
Tobias Harris,Magic,23 November 2013,24 November 2013,1,Sprained Left Ankle
Bradley Beal,Wizards,06 March 2013,16 March 2013,10,Sprained Left Ankle
Dion Waiters,Cavaliers,05 December 2012,18 December 2012,13,Sprained Left Ankle
J.J. Barea,Timberwolves,09 March 2012,12 March 2012,3,Sprained Left Ankle
LaMarcus Aldridge,Blazers,15 February 2012,18 February 2012,3,Sprained Left Ankle
J.J. Barea,Timberwolves,27 January 2012,01 February 2012,5,Sprained Left Ankle
Taj Gibson,Bulls,23 January 2012,27 January 2012,4,Sprained Left Ankle
Marvin Williams,Hawks,09 January 2012,12 January 2012,3,Sprained Left Ankle
Garrett Temple,Bobcats,23 March 2011,25 March 2011,2,Sprained Left Ankle
LeBron James,Heat,15 January 2011,18 January 2011,3,Sprained Left Ankle
Kendrick Nunn,Heat,28 March 2021,01 April 2021,4,Sprained Right Ankle
Landry Shamet,Nets,22 March 2021,01 April 2021,10,Sprained Right Ankle
Doug McDermott,Pacers,29 March 2021,31 March 2021,2,Sprained Right Ankle
Reggie Bullock,Knicks,25 March 2021,29 March 2021,4,Sprained Right Ankle
Christian Wood,Rockets,05 February 2021,17 March 2021,40,Sprained Right Ankle
Theo Maledon,Thunder,14 March 2021,15 March 2021,1,Sprained Right Ankle
Dario Saric,Suns,26 February 2021,28 February 2021,2,Sprained Right Ankle
Terry Rozier,Hornets,01 February 2021,05 February 2021,4,Sprained Right Ankle
Christian Wood,Rockets,21 January 2021,28 January 2021,7,Sprained Right Ankle
Danilo Gallinari,Hawks,02 January 2021,22 January 2021,20,Sprained Right Ankle
Cameron Payne,Suns,09 January 2021,18 January 2021,9,Sprained Right Ankle
Goga Bitadze,Pacers,23 December 2020,17 January 2021,25,Sprained Right Ankle
Josh Jackson,Pistons,04 January 2021,08 January 2021,4,Sprained Right Ankle
James Harden,Rockets,02 January 2021,04 January 2021,2,Sprained Right Ankle
Jahlil Okafor,Pistons,28 December 2020,01 January 2021,4,Sprained Right Ankle
Jimmy Butler,Heat,26 December 2020,01 January 2021,6,Sprained Right Ankle
Giannis Antetokounmpo,Bucks,05 September 2020,08 September 2020,3,Sprained Right Ankle
Bruno Caboclo,Rockets,31 July 2020,09 August 2020,9,Sprained Right Ankle
Dewan Hernandez,Raptors,05 March 2020,31 July 2020,148,Sprained Right Ankle
Ky Bowman,Warriors,03 March 2020,10 March 2020,7,Sprained Right Ankle
Dean Wade,Cavaliers,07 March 2020,08 March 2020,1,Sprained Right Ankle
Thon Maker,Pistons,01 March 2020,04 March 2020,3,Sprained Right Ankle
Dewan Hernandez,Raptors,22 December 2019,03 March 2020,72,Sprained Right Ankle
Paul Millsap,Nuggets,01 March 2020,03 March 2020,2,Sprained Right Ankle
Jordan Poole,Warriors,29 February 2020,01 March 2020,1,Sprained Right Ankle
Naz Mitrou-Long,Pacers,25 February 2020,27 February 2020,2,Sprained Right Ankle
Brandon Ingram,Pelicans,08 February 2020,20 February 2020,12,Sprained Right Ankle
Daniel Gafford,Bulls,06 February 2020,20 February 2020,14,Sprained Right Ankle
Luka Doncic,Mavericks,31 January 2020,12 February 2020,12,Sprained Right Ankle
Daniel Theis,Celtics,05 February 2020,09 February 2020,4,Sprained Right Ankle
Jaylen Brown,Celtics,07 February 2020,09 February 2020,2,Sprained Right Ankle
Jerami Grant,Nuggets,05 February 2020,08 February 2020,3,Sprained Right Ankle
RJ Barrett,Knicks,18 January 2020,06 February 2020,19,Sprained Right Ankle
Rondae Hollis-Jefferson,Raptors,28 January 2020,05 February 2020,8,Sprained Right Ankle
PJ Washington,Hornets,03 February 2020,04 February 2020,1,Sprained Right Ankle
Jaylen Brown,Celtics,22 January 2020,26 January 2020,4,Sprained Right Ankle
Glenn Robinson III,Warriors,18 January 2020,22 January 2020,4,Sprained Right Ankle
Naz Mitrou-Long,Pacers,15 December 2019,14 January 2020,30,Sprained Right Ankle
Draymond Green,Warriors,06 January 2020,07 January 2020,1,Sprained Right Ankle
Trae Young,Hawks,28 December 2019,02 January 2020,5,Sprained Right Ankle
Deandre Ayton,Suns,20 December 2019,30 December 2019,10,Sprained Right Ankle
Mo Bamba,Magic,27 December 2019,30 December 2019,3,Sprained Right Ankle
Dragan Bender,Bucks,08 December 2019,26 December 2019,18,Sprained Right Ankle
Luka Doncic,Mavericks,16 December 2019,26 December 2019,10,Sprained Right Ankle
Glenn Robinson III,Warriors,23 December 2019,25 December 2019,2,Sprained Right Ankle
Anthony Davis,Lakers,17 December 2019,19 December 2019,2,Sprained Right Ankle
Deandre Ayton,Suns,27 November 2019,17 December 2019,20,Sprained Right Ankle
Danilo Gallinari,Thunder,09 December 2019,11 December 2019,2,Sprained Right Ankle
Romeo Langford,Celtics,04 December 2019,11 December 2019,7,Sprained Right Ankle
Ty Jerome,Suns,23 October 2019,02 December 2019,40,Sprained Right Ankle
Serge Ibaka,Raptors,09 November 2019,01 December 2019,22,Sprained Right Ankle
Brandon Knight,Cavaliers,20 November 2019,22 November 2019,2,Sprained Right Ankle
Jonathan Isaac,Magic,15 November 2019,20 November 2019,5,Sprained Right Ankle
Myles Turner,Pacers,01 November 2019,16 November 2019,15,Sprained Right Ankle
D'Angelo Russell,Warriors,02 November 2019,08 November 2019,6,Sprained Right Ankle
Alec Burks,Warriors,24 October 2019,30 October 2019,6,Sprained Right Ankle
Rodney McGruder,Clippers,22 October 2019,30 October 2019,8,Sprained Right Ankle
Joel Embiid,76ers,26 October 2019,28 October 2019,2,Sprained Right Ankle
John Henson,Cavaliers,23 October 2019,26 October 2019,3,Sprained Right Ankle
Mitchell Robinson,Knicks,23 October 2019,25 October 2019,2,Sprained Right Ankle
Ryan Broekhoff,Mavericks,23 October 2019,25 October 2019,2,Sprained Right Ankle
Stephen Curry,Warriors,10 April 2019,12 April 2019,2,Sprained Right Ankle
Giannis Antetokounmpo,Bucks,31 March 2019,01 April 2019,1,Sprained Right Ankle
Josh Jackson,Suns,23 March 2019,30 March 2019,7,Sprained Right Ankle
Kyle Lowry,Raptors,20 March 2019,24 March 2019,4,Sprained Right Ankle
Giannis Antetokounmpo,Bucks,19 March 2019,22 March 2019,3,Sprained Right Ankle
Kevin Durant,Warriors,13 March 2019,18 March 2019,5,Sprained Right Ankle
Kyle Kuzma,Lakers,06 March 2019,12 March 2019,6,Sprained Right Ankle
Bruce Brown,Pistons,10 March 2019,11 March 2019,1,Sprained Right Ankle
Gordon Hayward,Celtics,21 February 2019,23 February 2019,2,Sprained Right Ankle
Mike Muscala,Lakers,21 February 2019,23 February 2019,2,Sprained Right Ankle
Elfrid Payton,Pelicans,06 February 2019,22 February 2019,16,Sprained Right Ankle
Jerami Grant,Thunder,11 February 2019,22 February 2019,11,Sprained Right Ankle
De'Anthony Melton,Suns,25 January 2019,20 February 2019,26,Sprained Right Ankle
Cedi Osman,Cavaliers,05 February 2019,13 February 2019,8,Sprained Right Ankle
Lonnie Walker IV,Spurs,07 February 2019,12 February 2019,5,Sprained Right Ankle
Julius Randle,Pelicans,29 January 2019,06 February 2019,8,Sprained Right Ankle
Zach LaVine,Bulls,30 January 2019,02 February 2019,3,Sprained Right Ankle
Steven Adams,Thunder,29 January 2019,01 February 2019,3,Sprained Right Ankle
Kent Bazemore,Hawks,31 December 2018,30 January 2019,30,Sprained Right Ankle
Derrick Rose,Timberwolves,12 January 2019,15 January 2019,3,Sprained Right Ankle
Christian Wood,Bucks,08 January 2019,11 January 2019,3,Sprained Right Ankle
Derrick Rose,Timberwolves,08 January 2019,11 January 2019,3,Sprained Right Ankle
Joe Harris,Nets,07 January 2019,09 January 2019,2,Sprained Right Ankle
Derrick Rose,Timberwolves,30 December 2018,08 January 2019,9,Sprained Right Ankle
Bobby Portis,Bulls,20 December 2018,06 January 2019,17,Sprained Right Ankle
D.J. Augustin,Magic,31 December 2018,02 January 2019,2,Sprained Right Ankle
Cheick Diallo,Pelicans,29 December 2018,31 December 2018,2,Sprained Right Ankle
Julius Randle,Pelicans,19 December 2018,21 December 2018,2,Sprained Right Ankle
Frank Jackson,Pelicans,28 November 2018,02 December 2018,4,Sprained Right Ankle
Michael Kidd-Gilchrist,Hornets,13 November 2018,26 November 2018,13,Sprained Right Ankle
Willy Hernangomez,Hornets,21 November 2018,23 November 2018,2,Sprained Right Ankle
Rondae Hollis-Jefferson,Nets,16 November 2018,17 November 2018,1,Sprained Right Ankle
Elfrid Payton,Pelicans,29 October 2018,16 November 2018,18,Sprained Right Ankle
Jonathan Isaac,Magic,04 November 2018,14 November 2018,10,Sprained Right Ankle
Taurean Prince,Hawks,06 November 2018,07 November 2018,1,Sprained Right Ankle
Emmanuel Mudiay,Knicks,17 October 2018,29 October 2018,12,Sprained Right Ankle
Dennis Smith Jr.,Mavericks,26 October 2018,28 October 2018,2,Sprained Right Ankle
Mike Muscala,76ers,16 October 2018,23 October 2018,7,Sprained Right Ankle
Larry Nance Jr.,Cavaliers,17 October 2018,21 October 2018,4,Sprained Right Ankle
Matthew Dellavedova,Bucks,06 February 2018,11 April 2018,64,Sprained Right Ankle
Troy Daniels,Suns,06 April 2018,08 April 2018,2,Sprained Right Ankle
Jahlil Okafor,Nets,05 April 2018,07 April 2018,2,Sprained Right Ankle
Goran Dragic,Heat,04 April 2018,06 April 2018,2,Sprained Right Ankle
Derrick Rose,Timberwolves,26 March 2018,01 April 2018,6,Sprained Right Ankle
Bam Adebayo,Heat,27 March 2018,29 March 2018,2,Sprained Right Ankle
Giannis Antetokounmpo,Bucks,23 March 2018,25 March 2018,2,Sprained Right Ankle
Stephen Curry,Warriors,09 March 2018,23 March 2018,14,Sprained Right Ankle
Tristan Thompson,Cavaliers,05 March 2018,23 March 2018,18,Sprained Right Ankle
Reggie Jackson,Pistons,28 December 2017,20 March 2018,82,Sprained Right Ankle
Kyle Kuzma,Lakers,14 March 2018,16 March 2018,2,Sprained Right Ankle
OG Anunoby,Raptors,02 March 2018,15 March 2018,13,Sprained Right Ankle
Jordan Bell,Warriors,08 March 2018,14 March 2018,6,Sprained Right Ankle
Justin Anderson,76ers,14 February 2018,06 March 2018,20,Sprained Right Ankle
LaMarcus Aldridge,Spurs,03 March 2018,05 March 2018,2,Sprained Right Ankle
Raul Neto,Jazz,23 February 2018,02 March 2018,7,Sprained Right Ankle
Carmelo Anthony,Thunder,08 February 2018,13 February 2018,5,Sprained Right Ankle
Garrett Temple,Kings,28 January 2018,30 January 2018,2,Sprained Right Ankle
TJ Leaf,Pacers,26 January 2018,29 January 2018,3,Sprained Right Ankle
Stephen Curry,Warriors,10 January 2018,13 January 2018,3,Sprained Right Ankle
Anthony Davis,Pelicans,10 January 2018,12 January 2018,2,Sprained Right Ankle
Derrick Favors,Jazz,10 January 2018,12 January 2018,2,Sprained Right Ankle
Brook Lopez,Lakers,20 December 2017,03 January 2018,14,Sprained Right Ankle
Stephen Curry,Warriors,06 December 2017,30 December 2017,24,Sprained Right Ankle
Evan Fournier,Magic,09 December 2017,26 December 2017,17,Sprained Right Ankle
Jonathan Isaac,Magic,20 November 2017,17 December 2017,27,Sprained Right Ankle
Frank Kaminsky,Hornets,09 December 2017,11 December 2017,2,Sprained Right Ankle
Kristaps Porzingis,Knicks,03 December 2017,06 December 2017,3,Sprained Right Ankle
Rondae Hollis-Jefferson,Nets,27 November 2017,02 December 2017,5,Sprained Right Ankle
David Nwaba,Bulls,07 November 2017,01 December 2017,24,Sprained Right Ankle
Al-Farouq Aminu,Blazers,02 November 2017,30 November 2017,28,Sprained Right Ankle
Meyers Leonard,Blazers,01 November 2017,15 November 2017,14,Sprained Right Ankle
Bogdan Bogdanovic,Pacers,18 October 2017,23 October 2017,5,Sprained Right Ankle
DeMarcus Cousins,Pelicans,26 March 2017,29 March 2017,3,Sprained Right Ankle
JJ Redick,Clippers,26 March 2017,29 March 2017,3,Sprained Right Ankle
Brook Lopez,Nets,09 March 2017,12 March 2017,3,Sprained Right Ankle
Rajon Rondo,Bulls,06 March 2017,08 March 2017,2,Sprained Right Ankle
Kristaps Porzingis,Knicks,25 February 2017,01 March 2017,4,Sprained Right Ankle
Tyson Chandler,Suns,11 February 2017,13 February 2017,2,Sprained Right Ankle
DeMar DeRozan,Raptors,24 January 2017,29 January 2017,5,Sprained Right Ankle
D.J. Augustin,Magic,24 January 2017,27 January 2017,3,Sprained Right Ankle
Danilo Gallinari,Nuggets,19 January 2017,21 January 2017,2,Sprained Right Ankle
Dejounte Murray,Spurs,14 January 2017,19 January 2017,5,Sprained Right Ankle
Rajon Rondo,Bulls,13 December 2016,15 December 2016,2,Sprained Right Ankle
Kyle O'Quinn,Knicks,11 December 2016,13 December 2016,2,Sprained Right Ankle
Emmanuel Mudiay,Nuggets,08 December 2016,10 December 2016,2,Sprained Right Ankle
Henry Ellenson,Pistons,02 December 2016,04 December 2016,2,Sprained Right Ankle
Gary Harris,Nuggets,16 November 2016,25 November 2016,9,Sprained Right Ankle
Christian Wood,Hornets,21 November 2016,23 November 2016,2,Sprained Right Ankle
Myles Turner,Pacers,21 November 2016,23 November 2016,2,Sprained Right Ankle
Jonas Valanciunas,Raptors,09 May 2016,23 May 2016,14,Sprained Right Ankle
Stephen Curry,Warriors,18 April 2016,24 April 2016,6,Sprained Right Ankle
Kyrie Irving,Cavaliers,03 April 2016,05 April 2016,2,Sprained Right Ankle
Jae Crowder,Celtics,15 March 2016,31 March 2016,16,Sprained Right Ankle
Alex Len,Suns,19 February 2016,21 February 2016,2,Sprained Right Ankle
Carmelo Anthony,Knicks,13 January 2016,18 January 2016,5,Sprained Right Ankle
D'Angelo Russell,Lakers,08 January 2016,12 January 2016,4,Sprained Right Ankle
Austin Rivers,Clippers,26 December 2015,28 December 2015,2,Sprained Right Ankle
Carmelo Anthony,Knicks,23 December 2015,26 December 2015,3,Sprained Right Ankle
Kyle O'Quinn,Knicks,21 December 2015,26 December 2015,5,Sprained Right Ankle
Jordan Clarkson,Lakers,11 December 2015,15 December 2015,4,Sprained Right Ankle
Klay Thompson,Warriors,11 December 2015,12 December 2015,1,Sprained Right Ankle
J.J. Barea,Mavericks,28 November 2015,09 December 2015,11,Sprained Right Ankle
JJ Redick,Clippers,03 December 2015,07 December 2015,4,Sprained Right Ankle
Seth Curry,Kings,09 November 2015,13 November 2015,4,Sprained Right Ankle
Jeremy Lamb,Hornets,28 October 2015,30 October 2015,2,Sprained Right Ankle
Aron Baynes,Spurs,24 March 2015,28 March 2015,4,Sprained Right Ankle
Dwight Howard,Rockets,28 January 2015,25 March 2015,56,Sprained Right Ankle
Klay Thompson,Warriors,18 March 2015,23 March 2015,5,Sprained Right Ankle
Alex Len,Suns,14 March 2015,21 March 2015,7,Sprained Right Ankle
Jusuf Nurkic,Nuggets,27 February 2015,13 March 2015,14,Sprained Right Ankle
Alex Len,Suns,07 March 2015,09 March 2015,2,Sprained Right Ankle
Aaron Gordon,Magic,27 February 2015,04 March 2015,5,Sprained Right Ankle
Kelly Olynyk,Celtics,23 January 2015,04 March 2015,40,Sprained Right Ankle
Alex Len,Suns,06 February 2015,20 February 2015,14,Sprained Right Ankle
Ian Mahinmi,Pacers,08 February 2015,11 February 2015,3,Sprained Right Ankle
Hassan Whiteside,Heat,21 January 2015,25 January 2015,4,Sprained Right Ankle
Joakim Noah,Bulls,16 January 2015,23 January 2015,7,Sprained Right Ankle
DeMarcus Cousins,Kings,17 January 2015,19 January 2015,2,Sprained Right Ankle
Mike Conley,Grizzlies,16 January 2015,19 January 2015,3,Sprained Right Ankle
Enes Kanter,Jazz,03 January 2015,10 January 2015,7,Sprained Right Ankle
Taj Gibson,Bulls,18 December 2014,22 December 2014,4,Sprained Right Ankle
Joakim Noah,Bulls,10 December 2014,18 December 2014,8,Sprained Right Ankle
Derrick Favors,Jazz,14 December 2014,17 December 2014,3,Sprained Right Ankle
Reggie Bullock,Clippers,03 December 2014,13 December 2014,10,Sprained Right Ankle
James Johnson,Raptors,21 November 2014,24 November 2014,3,Sprained Right Ankle
Reggie Jackson,Thunder,29 October 2014,03 November 2014,5,Sprained Right Ankle
Mike Conley,Grizzlies,01 February 2014,18 February 2014,17,Sprained Right Ankle
Tyler Zeller,Cavaliers,14 December 2013,17 December 2013,3,Sprained Right Ankle
Enes Kanter,Jazz,25 November 2013,29 November 2013,4,Sprained Right Ankle
Kyle O'Quinn,Magic,24 November 2013,26 November 2013,2,Sprained Right Ankle
Tyler Zeller,Cavaliers,20 November 2013,22 November 2013,2,Sprained Right Ankle
LaMarcus Aldridge,Blazers,29 March 2013,05 April 2013,7,Sprained Right Ankle
Wesley Matthews,Blazers,19 February 2013,22 February 2013,3,Sprained Right Ankle
Stephen Curry,Warriors,31 January 2013,02 February 2013,2,Sprained Right Ankle
Ersan Ilyasova,Bucks,05 January 2013,08 January 2013,3,Sprained Right Ankle
Derrick Rose,Bulls,10 April 2012,12 April 2012,2,Sprained Right Ankle
Stephen Curry,Warriors,06 January 2012,20 January 2012,14,Sprained Right Ankle
Stephen Curry,Warriors,28 December 2011,31 December 2011,3,Sprained Right Ankle
Joakim Noah,Bulls,30 March 2011,05 April 2011,6,Sprained Right Ankle
Tyson Chandler,Mavericks,04 March 2011,09 March 2011,5,Sprained Right Ankle
Trevor Ariza,Hornets,07 February 2011,11 February 2011,4,Sprained Right Ankle
Greg Whittington,Nuggets,21 March 2021,30 March 2021,9,Sore Left Knee
Josh Hall,Thunder,03 March 2021,27 March 2021,24,Sore Left Knee
Ben Simmons,76ers,20 March 2021,21 March 2021,1,Sore Left Knee
Jakarr Sampson,Pacers,19 March 2021,21 March 2021,2,Sore Left Knee
Jeremy Lamb,Pacers,15 March 2021,19 March 2021,4,Sore Left Knee
Bradley Beal,Wizards,13 March 2021,14 March 2021,1,Sore Left Knee
Terrence Ross,Magic,11 March 2021,14 March 2021,3,Sore Left Knee
Devonte' Graham,Hornets,19 February 2021,11 March 2021,20,Sore Left Knee
Eric Gordon,Rockets,01 March 2021,11 March 2021,10,Sore Left Knee
Jeremy Lamb,Pacers,01 March 2021,03 March 2021,2,Sore Left Knee
Jaylen Brown,Celtics,28 February 2021,02 March 2021,2,Sore Left Knee
Dylan Windler,Cavaliers,15 February 2021,19 February 2021,4,Sore Left Knee
Jaylen Brown,Celtics,05 February 2021,09 February 2021,4,Sore Left Knee
Nerlens Noel,Knicks,06 February 2021,09 February 2021,3,Sore Left Knee
Jamal Murray,Nuggets,06 February 2021,08 February 2021,2,Sore Left Knee
Luguentz Dort,Thunder,04 February 2021,06 February 2021,2,Sore Left Knee
Derrick Rose,Pistons,23 January 2021,27 January 2021,4,Sore Left Knee
John Wall,Rockets,18 January 2021,23 January 2021,5,Sore Left Knee
Derrick Rose,Pistons,10 January 2021,16 January 2021,6,Sore Left Knee
Rajon Rondo,Hawks,05 January 2021,15 January 2021,10,Sore Left Knee
Ben Simmons,76ers,09 January 2021,12 January 2021,3,Sore Left Knee
Christian Wood,Rockets,06 January 2021,08 January 2021,2,Sore Left Knee
LaMarcus Aldridge,Spurs,30 December 2020,05 January 2021,6,Sore Left Knee
Rajon Rondo,Hawks,31 December 2020,04 January 2021,4,Sore Left Knee
Emmanuel Mudiay,Jazz,13 August 2020,17 August 2020,4,Sore Left Knee
Al Horford,76ers,11 August 2020,12 August 2020,1,Sore Left Knee
Emmanuel Mudiay,Jazz,08 August 2020,09 August 2020,1,Sore Left Knee
Bruce Brown,Pistons,04 March 2020,06 March 2020,2,Sore Left Knee
Kemba Walker,Celtics,21 February 2020,03 March 2020,11,Sore Left Knee
Terry Rozier,Hornets,12 February 2020,20 February 2020,8,Sore Left Knee
Brandon Knight,Pistons,07 February 2020,10 February 2020,3,Sore Left Knee
Kemba Walker,Celtics,01 February 2020,07 February 2020,6,Sore Left Knee
Brandon Knight,Cavaliers,17 January 2020,04 February 2020,18,Sore Left Knee
Al Horford,76ers,30 January 2020,01 February 2020,2,Sore Left Knee
Kemba Walker,Celtics,18 January 2020,20 January 2020,2,Sore Left Knee
Larry Nance Jr.,Cavaliers,04 January 2020,14 January 2020,10,Sore Left Knee
Domantas Sabonis,Pacers,10 January 2020,13 January 2020,3,Sore Left Knee
Joel Embiid,76ers,31 December 2019,02 January 2020,2,Sore Left Knee
Larry Nance Jr.,Cavaliers,23 December 2019,27 December 2019,4,Sore Left Knee
Jordan Bone,Pistons,23 December 2019,26 December 2019,3,Sore Left Knee
Blake Griffin,Pistons,20 December 2019,23 December 2019,3,Sore Left Knee
Derrick Rose,Pistons,21 December 2019,23 December 2019,2,Sore Left Knee
Blake Griffin,Pistons,16 December 2019,18 December 2019,2,Sore Left Knee
Al Horford,76ers,13 December 2019,15 December 2019,2,Sore Left Knee
Josh Okogie,Timberwolves,23 November 2019,25 November 2019,2,Sore Left Knee
Patrick McCaw,Raptors,21 October 2019,28 October 2019,7,Sore Left Knee
Blake Griffin,Pistons,10 April 2019,20 April 2019,10,Sore Left Knee
Joel Embiid,76ers,18 April 2019,20 April 2019,2,Sore Left Knee
Al Horford,Celtics,09 April 2019,14 April 2019,5,Sore Left Knee
Joel Embiid,76ers,09 April 2019,13 April 2019,4,Sore Left Knee
Draymond Green,Warriors,10 April 2019,12 April 2019,2,Sore Left Knee
Kostas Antetokounmpo,Mavericks,07 April 2019,09 April 2019,2,Sore Left Knee
Blake Griffin,Pistons,01 April 2019,05 April 2019,4,Sore Left Knee
Rodney McGruder,Heat,18 March 2019,03 April 2019,16,Sore Left Knee
Al Horford,Celtics,30 March 2019,01 April 2019,2,Sore Left Knee
Al Horford,Celtics,23 March 2019,26 March 2019,3,Sore Left Knee
Joel Embiid,76ers,21 February 2019,10 March 2019,17,Sore Left Knee
Evan Turner,Blazers,23 February 2019,05 March 2019,10,Sore Left Knee
Terry Rozier,Celtics,27 February 2019,01 March 2019,2,Sore Left Knee
Jeff Teague,Timberwolves,27 February 2019,28 February 2019,1,Sore Left Knee
Kawhi Leonard,Raptors,13 February 2019,22 February 2019,9,Sore Left Knee
DeMarre Carroll,Nets,11 February 2019,13 February 2019,2,Sore Left Knee
JaMychal Green,Clippers,07 February 2019,09 February 2019,2,Sore Left Knee
Kawhi Leonard,Raptors,07 February 2019,09 February 2019,2,Sore Left Knee
Mike Conley,Grizzlies,01 February 2019,03 February 2019,2,Sore Left Knee
JaMychal Green,Grizzlies,28 January 2019,30 January 2019,2,Sore Left Knee
Brandon Knight,Rockets,16 January 2019,21 January 2019,5,Sore Left Knee
Jamal Crawford,Suns,15 January 2019,20 January 2019,5,Sore Left Knee
DeMarre Carroll,Nets,07 January 2019,09 January 2019,2,Sore Left Knee
Dewayne Dedmon,Hawks,29 December 2018,02 January 2019,4,Sore Left Knee
Joel Embiid,76ers,30 December 2018,01 January 2019,2,Sore Left Knee
Jamal Crawford,Suns,26 December 2018,28 December 2018,2,Sore Left Knee
Al Horford,Celtics,10 December 2018,23 December 2018,13,Sore Left Knee
Matthew Dellavedova,Cavaliers,19 December 2018,21 December 2018,2,Sore Left Knee
Jamal Crawford,Suns,10 December 2018,13 December 2018,3,Sore Left Knee
Al Horford,Celtics,23 November 2018,24 November 2018,1,Sore Left Knee
Derrick Rose,Timberwolves,14 November 2018,16 November 2018,2,Sore Left Knee
Derrick Favors,Jazz,28 October 2018,31 October 2018,3,Sore Left Knee
Andre Iguodala,Warriors,08 April 2018,14 April 2018,6,Sore Left Knee
Andre Iguodala,Warriors,31 March 2018,07 April 2018,7,Sore Left Knee
Dennis Smith Jr.,Mavericks,04 April 2018,06 April 2018,2,Sore Left Knee
Derrick Favors,Jazz,20 March 2018,22 March 2018,2,Sore Left Knee
James Harden,Rockets,11 March 2018,12 March 2018,1,Sore Left Knee
Dennis Smith Jr.,Mavericks,10 March 2018,11 March 2018,1,Sore Left Knee
Moe Harkless,Blazers,03 March 2018,09 March 2018,6,Sore Left Knee
Kyrie Irving,Celtics,05 March 2018,08 March 2018,3,Sore Left Knee
Cody Zeller,Hornets,28 February 2018,04 March 2018,4,Sore Left Knee
Lonzo Ball,Lakers,24 February 2018,26 February 2018,2,Sore Left Knee
Paul George,Thunder,29 December 2017,31 December 2017,2,Sore Left Knee
J.R. Smith,Cavaliers,21 December 2017,25 December 2017,4,Sore Left Knee
Kristaps Porzingis,Knicks,16 December 2017,21 December 2017,5,Sore Left Knee
Serge Ibaka,Raptors,17 December 2017,20 December 2017,3,Sore Left Knee
Andre Iguodala,Warriors,01 December 2017,04 December 2017,3,Sore Left Knee
Andre Iguodala,Warriors,16 May 2017,20 May 2017,4,Sore Left Knee
Doug McDermott,Thunder,11 April 2017,16 April 2017,5,Sore Left Knee
Carmelo Anthony,Knicks,07 April 2017,12 April 2017,5,Sore Left Knee
Derrick Favors,Jazz,10 April 2017,12 April 2017,2,Sore Left Knee
Andre Roberson,Thunder,07 April 2017,09 April 2017,2,Sore Left Knee
Paul Millsap,Hawks,07 April 2017,09 April 2017,2,Sore Left Knee
D'Angelo Russell,Lakers,05 April 2017,07 April 2017,2,Sore Left Knee
P.J. Tucker,Raptors,02 April 2017,04 April 2017,2,Sore Left Knee
Carmelo Anthony,Knicks,25 March 2017,27 March 2017,2,Sore Left Knee
Nerlens Noel,Mavericks,10 March 2017,15 March 2017,5,Sore Left Knee
Carmelo Anthony,Knicks,06 March 2017,08 March 2017,2,Sore Left Knee
JaMychal Green,Grizzlies,25 January 2017,27 January 2017,2,Sore Left Knee
Patrick Patterson,Raptors,20 January 2017,22 January 2017,2,Sore Left Knee
Derrick Favors,Jazz,17 November 2016,14 December 2016,27,Sore Left Knee
D'Angelo Russell,Lakers,22 November 2016,11 December 2016,19,Sore Left Knee
D'Angelo Russell,Lakers,18 November 2016,20 November 2016,2,Sore Left Knee
Derrick Favors,Jazz,24 October 2016,28 October 2016,4,Sore Left Knee
Carmelo Anthony,Knicks,05 February 2016,07 February 2016,2,Sore Left Knee
Kemba Walker,Hornets,03 February 2016,05 February 2016,2,Sore Left Knee
Carmelo Anthony,Knicks,25 January 2016,29 January 2016,4,Sore Left Knee
Lance Thomas,Knicks,19 January 2016,26 January 2016,7,Sore Left Knee
Spencer Dinwiddie,Pistons,25 November 2015,27 November 2015,2,Sore Left Knee
Eric Bledsoe,Suns,23 November 2015,25 November 2015,2,Sore Left Knee
Joakim Noah,Bulls,09 November 2015,13 November 2015,4,Sore Left Knee
Joakim Noah,Bulls,15 April 2015,18 April 2015,3,Sore Left Knee
Carmelo Anthony,Knicks,24 January 2015,28 January 2015,4,Sore Left Knee
Carmelo Anthony,Knicks,04 January 2015,15 January 2015,11,Sore Left Knee
Carmelo Anthony,Knicks,18 December 2014,20 December 2014,2,Sore Left Knee
Carmelo Anthony,Knicks,10 December 2014,12 December 2014,2,Sore Left Knee
LeBron James,Cavaliers,11 December 2014,12 December 2014,1,Sore Left Knee
Kyle Lowry,Raptors,02 April 2014,09 April 2014,7,Sore Left Knee
Dion Waiters,Cavaliers,31 March 2013,10 April 2013,10,Sore Left Knee
Kawhi Leonard,Spurs,03 April 2013,04 April 2013,1,Sore Left Knee
Taj Gibson,Bulls,02 March 2013,21 March 2013,19,Sore Left Knee
Romeo Langford,Celtics,11 March 2021,01 April 2021,21,NBA Health and Safety Protocols
Udonis Haslem,Heat,19 March 2021,01 April 2021,13,NBA Health and Safety Protocols
Lou Williams,Hawks,25 March 2021,30 March 2021,5,NBA Health and Safety Protocols
Evan Fournier,Celtics,26 March 2021,29 March 2021,3,NBA Health and Safety Protocols
Tony Bradley,Thunder,27 March 2021,29 March 2021,2,NBA Health and Safety Protocols
Aaron Gordon,Nuggets,26 March 2021,28 March 2021,2,NBA Health and Safety Protocols
JaVale McGee,Nuggets,26 March 2021,28 March 2021,2,NBA Health and Safety Protocols
Nemanja Bjelica,Heat,26 March 2021,28 March 2021,2,NBA Health and Safety Protocols
Otto Porter Jr.,Magic,26 March 2021,28 March 2021,2,NBA Health and Safety Protocols
R.J. Hampton,Magic,26 March 2021,28 March 2021,2,NBA Health and Safety Protocols
RJ Hampton,Magic,26 March 2021,28 March 2021,2,NBA Health and Safety Protocols
Terrance Ferguson,Knicks,27 March 2021,28 March 2021,1,NBA Health and Safety Protocols
Wendell Carter Jr.,Magic,26 March 2021,28 March 2021,2,NBA Health and Safety Protocols
Isaiah Hartenstein,Cavaliers,26 March 2021,27 March 2021,1,NBA Health and Safety Protocols
James Johnson,Pelicans,26 March 2021,27 March 2021,1,NBA Health and Safety Protocols
Jeff Teague,Magic,26 March 2021,27 March 2021,1,NBA Health and Safety Protocols
Kelly Olynyk,Rockets,26 March 2021,27 March 2021,1,NBA Health and Safety Protocols
Matt Thomas,Jazz,26 March 2021,27 March 2021,1,NBA Health and Safety Protocols
Wes Iwundu,Pelicans,26 March 2021,27 March 2021,1,NBA Health and Safety Protocols
Anfernee Simons,Blazers,23 March 2021,25 March 2021,2,NBA Health and Safety Protocols
LaMarcus Aldridge,Spurs,10 March 2021,25 March 2021,15,NBA Health and Safety Protocols
Meyers Leonard,Thunder,17 March 2021,25 March 2021,8,NBA Health and Safety Protocols
Nassir Little,Blazers,23 March 2021,25 March 2021,2,NBA Health and Safety Protocols
Alize Johnson,Nets,23 March 2021,24 March 2021,1,NBA Health and Safety Protocols
Jordan McLaughlin,Timberwolves,10 March 2021,24 March 2021,14,NBA Health and Safety Protocols
Eric Paschall,Warriors,17 March 2021,23 March 2021,6,NBA Health and Safety Protocols
James Johnson,Mavericks,16 March 2021,23 March 2021,7,NBA Health and Safety Protocols
James Wiseman,Warriors,17 March 2021,23 March 2021,6,NBA Health and Safety Protocols
Derrick Rose,Knicks,02 March 2021,22 March 2021,20,NBA Health and Safety Protocols
Devon Dotson,Bulls,18 March 2021,22 March 2021,4,NBA Health and Safety Protocols
Cameron Johnson,Suns,04 March 2021,21 March 2021,17,NBA Health and Safety Protocols
Kevon Looney,Warriors,20 March 2021,21 March 2021,1,NBA Health and Safety Protocols
P.J. Tucker,Bucks,12 March 2021,20 March 2021,8,NBA Health and Safety Protocols
Kostas Antetokounmpo,Lakers,11 March 2021,19 March 2021,8,NBA Health and Safety Protocols
Marc Gasol,Lakers,02 March 2021,19 March 2021,17,NBA Health and Safety Protocols
OG Anunoby,Raptors,02 March 2021,18 March 2021,16,NBA Health and Safety Protocols
Dennis Smith Jr.,Pistons,12 March 2021,17 March 2021,5,NBA Health and Safety Protocols
Fred VanVleet,Raptors,02 March 2021,17 March 2021,15,NBA Health and Safety Protocols
Hassan Whiteside,Kings,24 February 2021,17 March 2021,21,NBA Health and Safety Protocols
Pascal Siakam,Raptors,26 February 2021,17 March 2021,19,NBA Health and Safety Protocols
Patrick McCaw,Raptors,02 March 2021,17 March 2021,15,NBA Health and Safety Protocols
Svi Mykhailiuk,Thunder,14 March 2021,16 March 2021,2,NBA Health and Safety Protocols
Ben Simmons,76ers,11 March 2021,14 March 2021,3,NBA Health and Safety Protocols
Joel Embiid,76ers,11 March 2021,12 March 2021,1,NBA Health and Safety Protocols
Markus Howard,Nuggets,01 March 2021,12 March 2021,11,NBA Health and Safety Protocols
Facundo Campazzo,Nuggets,01 March 2021,11 March 2021,10,NBA Health and Safety Protocols
Mamadi Diakite,Bucks,04 March 2021,11 March 2021,7,NBA Health and Safety Protocols
Derrick White,Spurs,02 March 2021,10 March 2021,8,NBA Health and Safety Protocols
Rudy Gay,Spurs,24 February 2021,10 March 2021,14,NBA Health and Safety Protocols
Jrue Holiday,Bucks,08 February 2021,28 February 2021,20,NBA Health and Safety Protocols
Jakarr Sampson,Pacers,26 February 2021,27 February 2021,1,NBA Health and Safety Protocols
Jabari Parker,Kings,25 February 2021,26 February 2021,1,NBA Health and Safety Protocols
Adam Mokoka,Bulls,22 February 2021,24 February 2021,2,NBA Health and Safety Protocols
Adam Mokoka,Bulls,19 February 2021,20 February 2021,1,NBA Health and Safety Protocols
Cody Martin,Hornets,12 February 2021,20 February 2021,8,NBA Health and Safety Protocols
PJ Washington,Hornets,12 February 2021,20 February 2021,8,NBA Health and Safety Protocols
Adam Mokoka,Bulls,15 February 2021,17 February 2021,2,NBA Health and Safety Protocols
Frank Ntilikina,Knicks,09 February 2021,17 February 2021,8,NBA Health and Safety Protocols
Theo Maledon,Thunder,07 February 2021,16 February 2021,9,NBA Health and Safety Protocols
Jalen Smith,Suns,14 February 2021,15 February 2021,1,NBA Health and Safety Protocols
Jalen McDaniels,Hornets,12 February 2021,14 February 2021,2,NBA Health and Safety Protocols
Kevin Durant,Nets,06 February 2021,13 February 2021,7,NBA Health and Safety Protocols
Tyler Herro,Heat,11 February 2021,12 February 2021,1,NBA Health and Safety Protocols
Dennis Smith Jr.,Pistons,09 February 2021,11 February 2021,2,NBA Health and Safety Protocols
Adam Mokoka,Bulls,05 February 2021,08 February 2021,3,NBA Health and Safety Protocols
Grayson Allen,Grizzlies,29 January 2021,06 February 2021,8,NBA Health and Safety Protocols
Jonas Valanciunas,Grizzlies,17 January 2021,05 February 2021,19,NBA Health and Safety Protocols
Juancho Hernangomez,Timberwolves,14 January 2021,01 February 2021,18,NBA Health and Safety Protocols
Maxi Kleber,Mavericks,10 January 2021,01 February 2021,22,NBA Health and Safety Protocols
Norvel Pelle,Nets,29 January 2021,31 January 2021,2,NBA Health and Safety Protocols
Damian Jones,Suns,17 January 2021,30 January 2021,13,NBA Health and Safety Protocols
Deni Avdija,Wizards,24 January 2021,30 January 2021,6,NBA Health and Safety Protocols
Ish Smith,Wizards,24 January 2021,30 January 2021,6,NBA Health and Safety Protocols
Jimmy Butler,Heat,16 January 2021,30 January 2021,14,NBA Health and Safety Protocols
Trent Forrest,Jazz,23 January 2021,30 January 2021,7,NBA Health and Safety Protocols
Troy Brown Jr.,Wizards,24 January 2021,30 January 2021,6,NBA Health and Safety Protocols
Kawhi Leonard,Clippers,25 January 2021,29 January 2021,4,NBA Health and Safety Protocols
Paul George,Clippers,25 January 2021,29 January 2021,4,NBA Health and Safety Protocols
Davis Bertans,Wizards,24 January 2021,28 January 2021,4,NBA Health and Safety Protocols
Moritz Wagner,Wizards,12 January 2021,28 January 2021,16,NBA Health and Safety Protocols
Rui Hachimura,Wizards,24 January 2021,28 January 2021,4,NBA Health and Safety Protocols
Avery Bradley,Heat,16 January 2021,27 January 2021,11,NBA Health and Safety Protocols
Dorian Finney-Smith,Mavericks,08 January 2021,27 January 2021,19,NBA Health and Safety Protocols
Dwight Powell,Mavericks,12 January 2021,27 January 2021,15,NBA Health and Safety Protocols
Grant Riller,Hornets,24 January 2021,27 January 2021,3,NBA Health and Safety Protocols
Josh Richardson,Mavericks,08 January 2021,27 January 2021,19,NBA Health and Safety Protocols
Jayson Tatum,Celtics,15 January 2021,25 January 2021,10,NBA Health and Safety Protocols
Devon Dotson,Bulls,22 January 2021,23 January 2021,1,NBA Health and Safety Protocols
Mo Bamba,Magic,14 January 2021,23 January 2021,9,NBA Health and Safety Protocols
Chandler Hutchison,Bulls,31 December 2020,22 January 2021,22,NBA Health and Safety Protocols
Jalen Smith,Suns,07 January 2021,22 January 2021,15,NBA Health and Safety Protocols
Michael Porter Jr.,Nuggets,01 January 2021,22 January 2021,21,NBA Health and Safety Protocols
Ricky Rubio,Timberwolves,18 January 2021,22 January 2021,4,NBA Health and Safety Protocols
Juwan Morgan,Jazz,05 January 2021,19 January 2021,14,NBA Health and Safety Protocols
Devon Dotson,Bulls,14 January 2021,18 January 2021,4,NBA Health and Safety Protocols
Jalen Brunson,Mavericks,08 January 2021,18 January 2021,10,NBA Health and Safety Protocols
Luke Kornet,Bulls,14 January 2021,18 January 2021,4,NBA Health and Safety Protocols
Bam Adebayo,Heat,11 January 2021,16 January 2021,5,NBA Health and Safety Protocols
Goran Dragic,Heat,11 January 2021,16 January 2021,5,NBA Health and Safety Protocols
Kendrick Nunn,Heat,11 January 2021,16 January 2021,5,NBA Health and Safety Protocols
KZ Okpala,Heat,11 January 2021,16 January 2021,5,NBA Health and Safety Protocols
Moe Harkless,Heat,11 January 2021,16 January 2021,5,NBA Health and Safety Protocols
Udonis Haslem,Heat,11 January 2021,16 January 2021,5,NBA Health and Safety Protocols
Victor Oladipo,Rockets,14 January 2021,16 January 2021,2,NBA Health and Safety Protocols
Lauri Markkanen,Bulls,31 December 2020,15 January 2021,15,NBA Health and Safety Protocols
Ryan Arcidiacono,Bulls,31 December 2020,15 January 2021,15,NBA Health and Safety Protocols
Tobias Harris,76ers,09 January 2021,14 January 2021,5,NBA Health and Safety Protocols
Tristan Thompson,Celtics,08 January 2021,14 January 2021,6,NBA Health and Safety Protocols
Zion Williamson,Pelicans,13 January 2021,14 January 2021,1,NBA Health and Safety Protocols
Eric Paschall,Warriors,12 January 2021,13 January 2021,1,NBA Health and Safety Protocols
Tyler Johnson,Nets,08 January 2021,13 January 2021,5,NBA Health and Safety Protocols
Taj Gibson,Knicks,08 January 2021,12 January 2021,4,NBA Health and Safety Protocols
Jabari Parker,Kings,06 January 2021,11 January 2021,5,NBA Health and Safety Protocols
Bradley Beal,Wizards,09 January 2021,10 January 2021,1,NBA Health and Safety Protocols
Kevin Durant,Nets,04 January 2021,10 January 2021,6,NBA Health and Safety Protocols
Javonte Green,Celtics,30 December 2020,08 January 2021,9,NBA Health and Safety Protocols
Alex Caruso,Lakers,28 December 2020,06 January 2021,9,NBA Health and Safety Protocols
Rajon Rondo,Hawks,22 December 2020,26 December 2020,4,NBA Health and Safety Protocols
Terrence Ross,Magic,21 March 2021,30 March 2021,9,Sore Right Knee
Hassan Whiteside,Kings,25 March 2021,26 March 2021,1,Sore Right Knee
Abdel Nader,Suns,15 March 2021,18 March 2021,3,Sore Right Knee
Timothe Luwawu-Cabarrot,Nets,01 March 2021,15 March 2021,14,Sore Right Knee
Malcolm Brogdon,Pacers,27 February 2021,01 March 2021,2,Sore Right Knee
Davis Bertans,Wizards,25 February 2021,27 February 2021,2,Sore Right Knee
Richaun Holmes,Kings,15 February 2021,21 February 2021,6,Sore Right Knee
Doug McDermott,Pacers,15 February 2021,17 February 2021,2,Sore Right Knee
Patrick Beverley,Clippers,25 January 2021,10 February 2021,16,Sore Right Knee
Eric Paschall,Warriors,04 February 2021,08 February 2021,4,Sore Right Knee
De'Andre Hunter,Hawks,20 January 2021,22 January 2021,2,Sore Right Knee
Joel Embiid,76ers,15 January 2021,19 January 2021,4,Sore Right Knee
Gabe Vincent,Heat,09 January 2021,12 January 2021,3,Sore Right Knee
Omari Spellman,Knicks,22 December 2020,06 January 2021,15,Sore Right Knee
Gabe Vincent,Heat,01 January 2021,04 January 2021,3,Sore Right Knee
Mike Conley,Jazz,12 August 2020,21 August 2020,9,Sore Right Knee
Anthony Davis,Lakers,13 August 2020,18 August 2020,5,Sore Right Knee
Bam Adebayo,Heat,14 August 2020,18 August 2020,4,Sore Right Knee
OG Anunoby,Raptors,12 August 2020,17 August 2020,5,Sore Right Knee
Eric Bledsoe,Bucks,11 August 2020,12 August 2020,1,Sore Right Knee
Jerami Grant,Nuggets,10 August 2020,12 August 2020,2,Sore Right Knee
Juwan Morgan,Jazz,08 August 2020,12 August 2020,4,Sore Right Knee
Doug McDermott,Pacers,06 August 2020,08 August 2020,2,Sore Right Knee
Gabe Vincent,Heat,06 August 2020,08 August 2020,2,Sore Right Knee
Mike Conley,Jazz,06 August 2020,08 August 2020,2,Sore Right Knee
Mike Scott,76ers,01 August 2020,07 August 2020,6,Sore Right Knee
Oshae Brissett,Raptors,01 August 2020,07 August 2020,6,Sore Right Knee
Dwight Howard,Lakers,05 August 2020,06 August 2020,1,Sore Right Knee
Frank Kaminsky,Suns,01 January 2020,31 July 2020,212,Sore Right Knee
Eric Gordon,Rockets,07 March 2020,10 March 2020,3,Sore Right Knee
Victor Oladipo,Pacers,02 March 2020,06 March 2020,4,Sore Right Knee
Serge Ibaka,Raptors,28 February 2020,05 March 2020,6,Sore Right Knee
Anthony Davis,Lakers,01 March 2020,03 March 2020,2,Sore Right Knee
Davis Bertans,Wizards,24 February 2020,26 February 2020,2,Sore Right Knee
Tyler Johnson,Suns,03 February 2020,11 February 2020,8,Sore Right Knee
Derrick Rose,Pistons,27 January 2020,29 January 2020,2,Sore Right Knee
Jae Crowder,Grizzlies,26 January 2020,29 January 2020,3,Sore Right Knee
TJ Leaf,Pacers,24 January 2020,26 January 2020,2,Sore Right Knee
Kristaps Porzingis,Mavericks,31 December 2019,21 January 2020,21,Sore Right Knee
Brandon Ingram,Pelicans,13 January 2020,16 January 2020,3,Sore Right Knee
Jayson Tatum,Celtics,15 January 2020,16 January 2020,1,Sore Right Knee
Daniel Theis,Celtics,13 January 2020,15 January 2020,2,Sore Right Knee
Eric Gordon,Rockets,09 January 2020,11 January 2020,2,Sore Right Knee
Ersan Ilyasova,Bucks,10 January 2020,11 January 2020,1,Sore Right Knee
Edmond Sumner,Pacers,02 January 2020,04 January 2020,2,Sore Right Knee
Marvin Williams,Hornets,08 December 2019,17 December 2019,9,Sore Right Knee
Brandon Ingram,Pelicans,11 November 2019,19 November 2019,8,Sore Right Knee
Dwayne Bacon,Hornets,13 November 2019,16 November 2019,3,Sore Right Knee
Terrence Ross,Magic,06 November 2019,10 November 2019,4,Sore Right Knee
Jaren Jackson Jr.,Grizzlies,04 November 2019,06 November 2019,2,Sore Right Knee
Derrick Favors,Pelicans,28 October 2019,04 November 2019,7,Sore Right Knee
Kadeem Allen,Knicks,23 October 2019,01 November 2019,9,Sore Right Knee
Romeo Langford,Celtics,23 October 2019,30 October 2019,7,Sore Right Knee
Kyle Korver,Jazz,01 April 2019,14 April 2019,13,Sore Right Knee
Klay Thompson,Warriors,09 April 2019,10 April 2019,1,Sore Right Knee
Furkan Korkmaz,76ers,25 February 2019,09 April 2019,43,Sore Right Knee
Joakim Noah,Grizzlies,22 March 2019,23 March 2019,1,Sore Right Knee
Klay Thompson,Warriors,05 March 2019,08 March 2019,3,Sore Right Knee
Eric Gordon,Rockets,28 February 2019,03 March 2019,3,Sore Right Knee
Giannis Antetokounmpo,Bucks,25 February 2019,27 February 2019,2,Sore Right Knee
Furkan Korkmaz,76ers,13 February 2019,21 February 2019,8,Sore Right Knee
Giannis Antetokounmpo,Bucks,09 February 2019,11 February 2019,2,Sore Right Knee
Eric Gordon,Rockets,04 February 2019,06 February 2019,2,Sore Right Knee
Damian Lillard,Blazers,26 January 2019,30 January 2019,4,Sore Right Knee
Jevon Carter,Grizzlies,10 December 2018,15 December 2018,5,Sore Right Knee
David Nwaba,Cavaliers,30 November 2018,12 December 2018,12,Sore Right Knee
Victor Oladipo,Pacers,19 November 2018,12 December 2018,23,Sore Right Knee
Robert Covington,Timberwolves,08 December 2018,10 December 2018,2,Sore Right Knee
Maxi Kleber,Mavericks,02 December 2018,04 December 2018,2,Sore Right Knee
David Nwaba,Cavaliers,26 November 2018,28 November 2018,2,Sore Right Knee
Ersan Ilyasova,Bucks,26 November 2018,28 November 2018,2,Sore Right Knee
Serge Ibaka,Raptors,14 November 2018,16 November 2018,2,Sore Right Knee
Tyus Jones,Timberwolves,23 April 2018,25 April 2018,2,Sore Right Knee
Goran Dragic,Heat,11 April 2018,14 April 2018,3,Sore Right Knee
LaMarcus Aldridge,Spurs,12 March 2018,13 March 2018,1,Sore Right Knee
LaMarcus Aldridge,Spurs,12 February 2018,23 February 2018,11,Sore Right Knee
Ben McLemore,Grizzlies,26 January 2018,31 January 2018,5,Sore Right Knee
Jimmy Butler,Timberwolves,20 January 2018,27 January 2018,7,Sore Right Knee
Giannis Antetokounmpo,Bucks,20 January 2018,26 January 2018,6,Sore Right Knee
Victor Oladipo,Pacers,27 December 2017,06 January 2018,10,Sore Right Knee
Jaylen Brown,Celtics,27 December 2017,31 December 2017,4,Sore Right Knee
JaMychal Green,Grizzlies,23 December 2017,30 December 2017,7,Sore Right Knee
Giannis Antetokounmpo,Bucks,23 December 2017,26 December 2017,3,Sore Right Knee
Ian Mahinmi,Wizards,12 December 2017,15 December 2017,3,Sore Right Knee
Giannis Antetokounmpo,Bucks,22 November 2017,25 November 2017,3,Sore Right Knee
Thabo Sefolosha,Jazz,17 November 2017,18 November 2017,1,Sore Right Knee
Patrick Beverley,Clippers,10 November 2017,17 November 2017,7,Sore Right Knee
Rodney Hood,Jazz,09 April 2017,12 April 2017,3,Sore Right Knee
Derrick Favors,Jazz,08 March 2017,07 April 2017,30,Sore Right Knee
Rodney Hood,Jazz,04 April 2017,07 April 2017,3,Sore Right Knee
Jahlil Okafor,76ers,20 March 2017,22 March 2017,2,Sore Right Knee
Rodney Hood,Jazz,16 March 2017,20 March 2017,4,Sore Right Knee
Robert Covington,76ers,12 March 2017,14 March 2017,2,Sore Right Knee
Jahlil Okafor,76ers,04 March 2017,09 March 2017,5,Sore Right Knee
Rodney Hood,Jazz,01 March 2017,05 March 2017,4,Sore Right Knee
Caris LeVert,Nets,05 February 2017,08 February 2017,3,Sore Right Knee
Ian Mahinmi,Wizards,28 November 2016,08 February 2017,72,Sore Right Knee
LaMarcus Aldridge,Spurs,02 February 2017,04 February 2017,2,Sore Right Knee
Jahlil Okafor,76ers,24 January 2017,30 January 2017,6,Sore Right Knee
Kent Bazemore,Hawks,07 December 2016,13 December 2016,6,Sore Right Knee
Blake Griffin,Clippers,10 December 2016,12 December 2016,2,Sore Right Knee
Zach LaVine,Timberwolves,13 November 2016,15 November 2016,2,Sore Right Knee
Derrick Favors,Jazz,01 April 2016,03 April 2016,2,Sore Right Knee
Larry Nance Jr.,Lakers,22 March 2016,23 March 2016,1,Sore Right Knee
Larry Nance Jr.,Lakers,17 January 2016,26 January 2016,9,Sore Right Knee
Hassan Whiteside,Heat,04 January 2016,06 January 2016,2,Sore Right Knee
Doug McDermott,Bulls,28 December 2015,30 December 2015,2,Sore Right Knee
Nerlens Noel,76ers,27 November 2015,01 December 2015,4,Sore Right Knee
Carmelo Anthony,Knicks,14 March 2013,20 March 2013,6,Sore Right Knee
Carmelo Anthony,Knicks,06 March 2013,11 March 2013,5,Sore Right Knee
Eric Bledsoe,Clippers,01 February 2012,11 February 2012,10,Sore Right Knee
Alex Caruso,Lakers,13 March 2021,18 March 2021,5,Concussion
Grayson Allen,Grizzlies,27 February 2021,11 March 2021,12,Concussion
Nicolas Batum,Clippers,15 February 2021,19 February 2021,4,Concussion
Sekou Doumbouya,Pistons,12 February 2021,19 February 2021,7,Concussion
Mike Muscala,Thunder,07 February 2021,10 February 2021,3,Concussion
Donovan Mitchell,Jazz,27 January 2021,31 January 2021,4,Concussion
Robert Covington,Blazers,29 January 2021,30 January 2021,1,Concussion
Abdel Nader,Suns,22 December 2020,05 January 2021,14,Concussion
Blake Griffin,Pistons,31 December 2020,03 January 2021,3,Concussion
Mike Muscala,Thunder,04 August 2020,08 August 2020,4,Concussion
Jae Crowder,Heat,07 March 2020,11 March 2020,4,Concussion
Dennis Smith Jr.,Knicks,29 February 2020,10 March 2020,10,Concussion
Josh Richardson,76ers,03 March 2020,10 March 2020,7,Concussion
Cody Martin,Hornets,08 February 2020,20 February 2020,12,Concussion
Cam Reddish,Hawks,03 February 2020,10 February 2020,7,Concussion
T.J. Warren,Pacers,03 February 2020,08 February 2020,5,Concussion
Malcolm Brogdon,Pacers,24 January 2020,29 January 2020,5,Concussion
Kelly Oubre Jr.,Suns,16 January 2020,20 January 2020,4,Concussion
Allonzo Trier,Knicks,13 December 2019,20 December 2019,7,Concussion
Patrick Beverley,Clippers,13 December 2019,17 December 2019,4,Concussion
Justise Winslow,Heat,07 November 2019,27 November 2019,20,Concussion
Clint Capela,Rockets,15 November 2019,18 November 2019,3,Concussion
Goga Bitadze,Pacers,08 November 2019,15 November 2019,7,Concussion
Mitchell Robinson,Knicks,08 November 2019,14 November 2019,6,Concussion
Jonathan Isaac,Magic,10 April 2019,13 April 2019,3,Concussion
OG Anunoby,Raptors,28 March 2019,05 April 2019,8,Concussion
Gordon Hayward,Celtics,18 March 2019,24 March 2019,6,Concussion
Ante Zizic,Cavaliers,03 March 2019,08 March 2019,5,Concussion
Andre Drummond,Pistons,19 January 2019,25 January 2019,6,Concussion
Nerlens Noel,Thunder,10 January 2019,17 January 2019,7,Concussion
Yuta Watanabe,Grizzlies,12 December 2018,14 December 2018,2,Concussion
Ersan Ilyasova,Bucks,01 December 2018,07 December 2018,6,Concussion
Davis Bertans,Spurs,19 November 2018,21 November 2018,2,Concussion
Markieff Morris,Wizards,30 October 2018,02 November 2018,3,Concussion
Giannis Antetokounmpo,Bucks,29 October 2018,01 November 2018,3,Concussion
Troy Daniels,Suns,19 October 2018,22 October 2018,3,Concussion
Kevin Love,Cavaliers,26 May 2018,31 May 2018,5,Concussion
Ian Mahinmi,Wizards,06 April 2018,10 April 2018,4,Concussion
Kevin Love,Cavaliers,28 March 2018,30 March 2018,2,Concussion
Tony Bradley,Jazz,13 March 2018,27 March 2018,14,Concussion
Jaylen Brown,Celtics,11 March 2018,25 March 2018,14,Concussion
Aaron Gordon,Magic,09 March 2018,19 March 2018,10,Concussion
Terrance Ferguson,Thunder,10 March 2018,12 March 2018,2,Concussion
Kris Dunn,Bulls,20 January 2018,14 February 2018,25,Concussion
Al Horford,Celtics,24 January 2018,27 January 2018,3,Concussion
Jamal Murray,Nuggets,17 January 2018,19 January 2018,2,Concussion
Raul Neto,Jazz,13 December 2017,15 January 2018,33,Concussion
Blake Griffin,Clippers,08 January 2018,11 January 2018,3,Concussion
Derrick Favors,Jazz,18 December 2017,20 December 2017,2,Concussion
Steven Adams,Thunder,16 December 2017,20 December 2017,4,Concussion
Austin Rivers,Clippers,15 December 2017,18 December 2017,3,Concussion
Aaron Gordon,Magic,13 December 2017,15 December 2017,2,Concussion
Patrick McCaw,Warriors,08 December 2017,11 December 2017,3,Concussion
Al Horford,Celtics,08 November 2017,12 November 2017,4,Concussion
Myles Turner,Pacers,20 October 2017,03 November 2017,14,Concussion
Kawhi Leonard,Spurs,11 March 2017,13 March 2017,2,Concussion
Steven Adams,Thunder,16 January 2017,23 January 2017,7,Concussion
Richaun Holmes,76ers,13 January 2017,21 January 2017,8,Concussion
Cody Zeller,Hornets,02 January 2017,07 January 2017,5,Concussion
George Hill,Jazz,05 January 2017,07 January 2017,2,Concussion
Richaun Holmes,76ers,23 December 2016,04 January 2017,12,Concussion
Austin Rivers,Clippers,11 December 2016,14 December 2016,3,Concussion
Doug McDermott,Bulls,15 November 2016,05 December 2016,20,Concussion
Al Horford,Celtics,02 November 2016,19 November 2016,17,Concussion
Larry Nance Jr.,Lakers,08 November 2016,10 November 2016,2,Concussion
Doug McDermott,Bulls,02 November 2016,04 November 2016,2,Concussion
Kevin Love,Cavaliers,08 June 2016,10 June 2016,2,Concussion
Aaron Gordon,Magic,08 April 2016,13 April 2016,5,Concussion
Robert Covington,76ers,12 March 2016,23 March 2016,11,Concussion
Jerami Grant,76ers,12 March 2016,17 March 2016,5,Concussion
Lance Thomas,Knicks,07 February 2016,09 February 2016,2,Concussion
Cameron Payne,Thunder,29 January 2016,01 February 2016,3,Concussion
Anthony Davis,Pelicans,25 January 2016,30 January 2016,5,Concussion
Gary Harris,Nuggets,03 December 2015,11 December 2015,8,Concussion
Victor Oladipo,Magic,13 November 2015,18 November 2015,5,Concussion
Patrick Beverley,Rockets,06 November 2015,11 November 2015,5,Concussion
Rudy Gay,Kings,03 April 2015,07 April 2015,4,Concussion
Rodney Hood,Jazz,01 April 2015,04 April 2015,3,Concussion
Marvin Williams,Hornets,28 January 2015,02 February 2015,5,Concussion
Ersan Ilyasova,Bucks,26 December 2014,15 January 2015,20,Concussion
Courtney Lee,Grizzlies,01 November 2014,05 November 2014,4,Concussion
Wayne Ellington,Lakers,28 October 2014,29 October 2014,1,Concussion
Stephen Curry,Warriors,20 November 2013,23 November 2013,3,Concussion
George Hill,Pacers,16 May 2013,18 May 2013,2,Concussion
Michael Kidd-Gilchrist,Bobcats,04 February 2013,08 February 2013,4,Concussion
Kyrie Irving,Cavaliers,10 February 2012,15 February 2012,5,Concussion
Ersan Ilyasova,Bucks,13 March 2011,08 April 2011,26,Concussion
Chris Paul,Hornets,09 March 2011,12 March 2011,3,Concussion
Al Horford,Celtics,11 April 2018,15 April 2018,4,For Rest
Bojan Bogdanovic,Pacers,10 April 2018,15 April 2018,5,For Rest
Kevin Love,Cavaliers,11 April 2018,15 April 2018,4,For Rest
Kyle Korver,Cavaliers,11 April 2018,15 April 2018,4,For Rest
Terry Rozier,Celtics,11 April 2018,15 April 2018,4,For Rest
Serge Ibaka,Raptors,09 April 2018,11 April 2018,2,For Rest
John Wall,Wizards,06 April 2018,10 April 2018,4,For Rest
Jonas Valanciunas,Raptors,08 April 2018,9 April 2018,1,For Rest
Al Horford,Celtics,06 April 2018,8 April 2018,2,For Rest
Harrison Barnes,Mavericks,04 April 2018,6 April 2018,2,For Rest
Dorian Finney-Smith,Mavericks,03 April 2018,4 April 2018,1,For Rest
Marc Gasol,Grizzlies,22 March 2018,24 March 2018,2,For Rest
Harrison Barnes,Mavericks,17 March 2018,20 March 2018,3,For Rest
Kyle Lowry,Raptors,16 March 2018,18 March 2018,2,For Rest
Dorian Finney-Smith,Mavericks,11 March 2018,13 March 2018,2,For Rest
Marc Gasol,Grizzlies,10 March 2018,12 March 2018,2,For Rest
Nerlens Noel,Mavericks,10 March 2018,11 March 2018,1,For Rest
Carmelo Anthony,Thunder,03 March 2018,6 March 2018,3,For Rest
Marc Gasol,Grizzlies,03 March 2018,5 March 2018,2,For Rest
Andre Iguodala,Warriors,02 February 2018,3 February 2018,1,For Rest
Joel Embiid,76ers,29 January 2018,31 January 2018,2,For Rest
D'Angelo Russell,Nets,27 January 2018,30 January 2018,3,For Rest
Kawhi Leonard,Spurs,03 January 2018,5 January 2018,2,For Rest
Kawhi Leonard,Spurs,28 December 2017,30 December 2017,2,For Rest
Joel Embiid,76ers,18 December 2017,23 December 2017,5,For Rest
Kawhi Leonard,Spurs,20 December 2017,21 December 2017,1,For Rest
Kawhi Leonard,Spurs,16 December 2017,18 December 2017,2,For Rest
Al Horford,Celtics,13 December 2017,15 December 2017,2,For Rest
Draymond Green,Warriors,24 November 2017,25 November 2017,1,For Rest
Danny Green,Spurs,11 November 2017,14 November 2017,3,For Rest
Andre Iguodala,Warriors,11 November 2017,13 November 2017,2,For Rest
Joel Embiid,76ers,07 November 2017,9 November 2017,2,For Rest
Garrett Temple,Kings,31 October 2017,1 November 2017,1,For Rest
George Hill,Kings,29 October 2017,31 October 2017,2,For Rest
Bradley Beal,Wizards,12 April 2017,16 April 2017,4,For Rest
LeBron James,Cavaliers,12 April 2017,15 April 2017,3,For Rest
Trevor Ariza,Rockets,09 April 2017,10 April 2017,1,For Rest
DeAndre Jordan,Clippers,16 March 2017,18 March 2017,2,For Rest
Draymond Green,Warriors,11 March 2017,14 March 2017,3,For Rest
Dwight Howard,Hawks,11 March 2017,13 March 2017,2,For Rest
Kawhi Leonard,Spurs,08 March 2017,9 March 2017,1,For Rest
LaMarcus Aldridge,Spurs,08 March 2017,9 March 2017,1,For Rest
Eric Bledsoe,Suns,11 February 2017,13 February 2017,2,For Rest
Andre Iguodala,Warriors,23 January 2017,25 January 2017,2,For Rest
Brook Lopez,Nets,15 January 2017,17 January 2017,2,For Rest
Klay Thompson,Warriors,10 January 2017,12 January 2017,2,For Rest
Brook Lopez,Nets,20 December 2016,22 December 2016,2,For Rest
D'Angelo Russell,Lakers,17 December 2016,20 December 2016,3,For Rest
LaMarcus Aldridge,Spurs,14 December 2016,18 December 2016,4,For Rest
Kyrie Irving,Cavaliers,13 December 2016,17 December 2016,4,For Rest
John Wall,Wizards,12 November 2016,16 November 2016,4,For Rest
Danny Green,Spurs,11 November 2016,12 November 2016,1,For Rest
John Wall,Wizards,05 November 2016,7 November 2016,2,For Rest
JJ Redick,Clippers,13 April 2016,17 April 2016,4,For Rest
DeMar DeRozan,Raptors,08 April 2016,10 April 2016,2,For Rest
DeMarre Carroll,Raptors,08 April 2016,10 April 2016,2,For Rest
LeBron James,Cavaliers,06 April 2016,9 April 2016,3,For Rest
Kyrie Irving,Cavaliers,26 March 2016,29 March 2016,3,For Rest
Serge Ibaka,Thunder,18 March 2016,19 March 2016,1,For Rest
Bradley Beal,Wizards,16 January 2016,18 January 2016,2,For Rest
Wesley Matthews,Mavericks,13 January 2016,15 January 2016,2,For Rest
LaMarcus Aldridge,Spurs,06 January 2016,8 January 2016,2,For Rest
Kyrie Irving,Cavaliers,26 December 2015,28 December 2015,2,For Rest
LeBron James,Cavaliers,15 April 2015,19 April 2015,4,For Rest
Kevin Love,Cavaliers,12 April 2015,13 April 2015,1,For Rest
John Wall,Wizards,08 April 2015,12 April 2015,4,For Rest
Rajon Rondo,Mavericks,10 April 2015,12 April 2015,2,For Rest
Mike Conley,Grizzlies,12 March 2015,20 March 2015,8,For Rest
Kevin Love,Cavaliers,15 March 2015,18 March 2015,3,For Rest
Carmelo Anthony,Knicks,07 February 2015,9 February 2015,2,For Rest
Al Horford,Hawks,14 January 2015,16 January 2015,2,For Rest
Kyle Korver,Hawks,14 January 2015,16 January 2015,2,For Rest
DeMarre Carroll,Hawks,13 January 2015,14 January 2015,1,For Rest
Paul Millsap,Hawks,13 January 2015,14 January 2015,1,For Rest
Russell Westbrook,Thunder,14 April 2014,16 April 2014,2,For Rest
Immanuel Quickley,Knicks,18 March 2021,21 March 2021,3,Sore Left Ankle
LeBron James,Lakers,03 March 2021,12 March 2021,9,Sore Left Ankle
Draymond Green,Warriors,04 March 2021,10 March 2021,6,Sore Left Ankle
Taurean Prince,Cavaliers,01 March 2021,3 March 2021,2,Sore Left Ankle
Seth Curry,76ers,23 February 2021,25 February 2021,2,Sore Left Ankle
Taurean Prince,Cavaliers,15 February 2021,24 February 2021,9,Sore Left Ankle
Abdel Nader,Suns,07 February 2021,13 February 2021,6,Sore Left Ankle
Goran Dragic,Heat,14 August 2020,18 August 2020,4,Sore Left Ankle
Victor Oladipo,Pacers,14 August 2020,18 August 2020,4,Sore Left Ankle
Devonte' Graham,Hornets,03 March 2020,5 March 2020,2,Sore Left Ankle
Danilo Gallinari,Thunder,28 February 2020,2 March 2020,3,Sore Left Ankle
Deandre Ayton,Suns,10 February 2020,21 February 2020,11,Sore Left Ankle
Nerlens Noel,Thunder,20 January 2020,22 January 2020,2,Sore Left Ankle
Jae Crowder,Grizzlies,29 December 2019,2 January 2020,4,Sore Left Ankle
Danilo Gallinari,Thunder,22 December 2019,31 December 2019,9,Sore Left Ankle
Jae Crowder,Grizzlies,14 December 2019,16 December 2019,2,Sore Left Ankle
DeAndre Jordan,Nets,25 November 2019,29 November 2019,4,Sore Left Ankle
Grayson Allen,Grizzlies,04 November 2019,23 November 2019,19,Sore Left Ankle
D.J. Wilson,Bucks,19 May 2019,21 May 2019,2,Sore Left Ankle
Raul Neto,Jazz,05 April 2019,14 April 2019,9,Sore Left Ankle
Rudy Gobert,Jazz,10 April 2019,14 April 2019,4,Sore Left Ankle
Aron Baynes,Celtics,09 April 2019,13 April 2019,4,Sore Left Ankle
Gordon Hayward,Celtics,09 April 2019,13 April 2019,4,Sore Left Ankle
Danilo Gallinari,Clippers,07 April 2019,10 April 2019,3,Sore Left Ankle
Danilo Gallinari,Clippers,30 March 2019,31 March 2019,1,Sore Left Ankle
Danilo Gallinari,Clippers,12 March 2019,15 March 2019,3,Sore Left Ankle
Luka Doncic,Mavericks,31 January 2019,2 February 2019,2,Sore Left Ankle
DeMar DeRozan,Spurs,18 January 2019,20 January 2019,2,Sore Left Ankle
Joel Embiid,76ers,11 January 2019,13 January 2019,2,Sore Left Ankle
J.J. Barea,Mavericks,05 January 2019,7 January 2019,2,Sore Left Ankle
Derrick Rose,Timberwolves,23 December 2018,26 December 2018,3,Sore Left Ankle
Gary Harris,Nuggets,24 November 2018,30 November 2018,6,Sore Left Ankle
Gordon Hayward,Celtics,24 November 2018,26 November 2018,2,Sore Left Ankle
Myles Turner,Pacers,23 November 2018,26 November 2018,3,Sore Left Ankle
Kawhi Leonard,Raptors,04 November 2018,7 November 2018,3,Sore Left Ankle
Derrick Rose,Timberwolves,04 November 2018,5 November 2018,1,Sore Left Ankle
Wayne Ellington,Heat,17 October 2018,27 October 2018,10,Sore Left Ankle
Jared Dudley,Suns,30 March 2018,6 April 2018,7,Sore Left Ankle
Eric Bledsoe,Bucks,01 February 2018,2 February 2018,1,Sore Left Ankle
Rodney Hood,Jazz,07 December 2017,13 December 2017,6,Sore Left Ankle
Rodney Hood,Jazz,01 December 2017,7 December 2017,6,Sore Left Ankle
Aaron Gordon,Magic,20 October 2017,24 October 2017,4,Sore Left Ankle
DeMarre Carroll,Raptors,11 March 2017,16 March 2017,5,Sore Left Ankle
Will Barton,Nuggets,01 February 2017,3 February 2017,2,Sore Left Ankle
Taj Gibson,Bulls,29 January 2017,1 February 2017,3,Sore Left Ankle
Taj Gibson,Bulls,17 January 2017,20 January 2017,3,Sore Left Ankle
Lance Thomas,Knicks,14 November 2016,2 December 2016,18,Sore Left Ankle
Will Barton,Nuggets,25 November 2016,27 November 2016,2,Sore Left Ankle
Paul George,Pacers,18 November 2016,23 November 2016,5,Sore Left Ankle
Nicolas Batum,Hornets,13 April 2016,17 April 2016,4,Sore Left Ankle
Patrick Patterson,Raptors,20 March 2016,25 March 2016,5,Sore Left Ankle
Tobias Harris,Pistons,07 February 2016,19 February 2016,12,Sore Left Ankle
Derrick Rose,Bulls,18 November 2015,24 November 2015,6,Sore Left Ankle
Jeff Teague,Hawks,15 November 2015,21 November 2015,6,Sore Left Ankle
Dewayne Dedmon,Magic,27 March 2015,1 April 2015,5,Sore Left Ankle
Taj Gibson,Bulls,01 March 2015,20 March 2015,19,Sore Left Ankle
Nikola Vucevic,Magic,06 March 2015,10 March 2015,4,Sore Left Ankle
Victor Oladipo,Magic,08 March 2014,10 March 2014,2,Sore Left Ankle
Bradley Beal,Wizards,29 March 2013,31 March 2013,2,Sore Left Ankle
Wilson Chandler,Nuggets,11 April 2011,13 April 2011,2,Sore Left Ankle
Kemba Walker,Celtics,27 March 2021,29 March 2021,2,Left Knee Injury
Blake Griffin,Nets,24 March 2021,25 March 2021,1,Left Knee Injury
Kemba Walker,Celtics,22 March 2021,23 March 2021,1,Left Knee Injury
Blake Griffin,Nets,10 March 2021,21 March 2021,11,Left Knee Injury
Kemba Walker,Celtics,17 March 2021,19 March 2021,2,Left Knee Injury
Blake Griffin,Pistons,14 February 2021,5 March 2021,19,Left Knee Injury
Kemba Walker,Celtics,24 February 2021,26 February 2021,2,Left Knee Injury
Kemba Walker,Celtics,17 February 2021,19 February 2021,2,Left Knee Injury
Patrick McCaw,Raptors,22 December 2020,19 February 2021,59,Left Knee Injury
Kemba Walker,Celtics,12 February 2021,14 February 2021,2,Left Knee Injury
Derrick Rose,Knicks,05 February 2021,9 February 2021,4,Left Knee Injury
James Johnson,Mavericks,06 February 2021,8 February 2021,2,Left Knee Injury
Kemba Walker,Celtics,03 February 2021,4 February 2021,1,Left Knee Injury
Blake Griffin,Pistons,27 January 2021,28 January 2021,1,Left Knee Injury
Kemba Walker,Celtics,25 January 2021,27 January 2021,2,Left Knee Injury
Pascal Siakam,Raptors,24 January 2021,27 January 2021,3,Left Knee Injury
Blake Griffin,Pistons,23 January 2021,25 January 2021,2,Left Knee Injury
Kemba Walker,Celtics,23 December 2020,17 January 2021,25,Left Knee Injury
Blake Griffin,Pistons,27 December 2020,29 December 2020,2,Left Knee Injury
Rondae Hollis-Jefferson,Raptors,21 August 2020,23 August 2020,2,Left Knee Injury
Kemba Walker,Celtics,12 August 2020,17 August 2020,5,Left Knee Injury
Kristaps Porzingis,Mavericks,09 August 2020,11 August 2020,2,Left Knee Injury
Andre Roberson,Thunder,23 October 2019,31 July 2020,282,Left Knee Injury
Jonathan Isaac,Magic,03 January 2020,31 July 2020,210,Left Knee Injury
D.J. Augustin,Magic,15 January 2020,21 February 2020,37,Left Knee Injury
Bruno Caboclo,Rockets,14 January 2020,20 February 2020,37,Left Knee Injury
Seth Curry,Mavericks,03 February 2020,7 February 2020,4,Left Knee Injury
Christian Wood,Pistons,20 December 2019,23 December 2019,3,Left Knee Injury
Shake Milton,76ers,30 October 2019,12 November 2019,13,Left Knee Injury
Hassan Whiteside,Blazers,02 November 2019,4 November 2019,2,Left Knee Injury
CJ McCollum,Blazers,18 March 2019,7 April 2019,20,Left Knee Injury
Moe Harkless,Blazers,15 March 2019,16 March 2019,1,Left Knee Injury
Evan Turner,Blazers,09 March 2019,12 March 2019,3,Left Knee Injury
Maxi Kleber,Mavericks,06 March 2019,10 March 2019,4,Left Knee Injury
Josh Hart,Lakers,05 February 2019,7 February 2019,2,Left Knee Injury
Moe Harkless,Blazers,08 January 2019,18 January 2019,10,Left Knee Injury
Marvin Bagley III,Kings,16 December 2018,7 January 2019,22,Left Knee Injury
Moe Harkless,Blazers,05 January 2019,7 January 2019,2,Left Knee Injury
Moe Harkless,Blazers,30 December 2018,1 January 2019,2,Left Knee Injury
Brandon Knight,Rockets,17 October 2018,13 December 2018,57,Left Knee Injury
Pat Connaughton,Bucks,10 December 2018,12 December 2018,2,Left Knee Injury
Ante Zizic,Cavaliers,05 December 2018,7 December 2018,2,Left Knee Injury
Dwight Powell,Mavericks,19 November 2018,28 November 2018,9,Left Knee Injury
Moe Harkless,Blazers,29 October 2018,21 November 2018,23,Left Knee Injury
Bogdan Bogdanovic,Kings,17 October 2018,7 November 2018,21,Left Knee Injury
Danilo Gallinari,Nuggets,16 March 2017,24 March 2017,8,Left Knee Injury
Reggie Jackson,Pistons,26 October 2016,2 December 2016,37,Left Knee Injury
Mike Scott,Hawks,27 October 2016,30 November 2016,34,Left Knee Injury
Kevin Love,Cavaliers,10 March 2016,13 March 2016,3,Left Knee Injury
Marcus Smart,Celtics,22 November 2015,27 December 2015,35,Left Knee Injury
Joakim Noah,Bulls,11 March 2015,13 March 2015,2,Left Knee Injury
Patrick Patterson,Raptors,23 February 2015,24 February 2015,1,Left Knee Injury
Kemba Walker,Hornets,19 January 2015,21 January 2015,2,Left Knee Injury
Nicolas Batum,Blazers,19 December 2014,20 December 2014,1,Left Knee Injury
Ersan Ilyasova,Bucks,09 March 2013,10 March 2013,1,Left Knee Injury
Kawhi Leonard,Spurs,23 January 2013,25 January 2013,2,Left Knee Injury
Nicolas Batum,Blazers,01 February 2012,4 February 2012,3,Left Knee Injury
Robert Williams,Celtics,31 March 2021,1 April 2021,1,Illness
Christian Wood,Rockets,29 March 2021,31 March 2021,2,Illness
Luka Doncic,Mavericks,27 March 2021,28 March 2021,1,Illness
Draymond Green,Warriors,25 March 2021,26 March 2021,1,Illness
Jimmy Butler,Heat,25 March 2021,26 March 2021,1,Illness
Jayson Tatum,Celtics,22 March 2021,23 March 2021,1,Illness
JaVale McGee,Cavaliers,19 March 2021,21 March 2021,2,Illness
Michael Carter-Williams,Magic,19 March 2021,21 March 2021,2,Illness
Moe Harkless,Heat,17 March 2021,18 March 2021,1,Illness
Dwight Powell,Mavericks,15 March 2021,17 March 2021,2,Illness
Trent Forrest,Jazz,12 March 2021,14 March 2021,2,Illness
Frank Jackson,Pistons,26 February 2021,10 March 2021,12,Illness
Josh Jackson,Pistons,03 March 2021,10 March 2021,7,Illness
Kyle Anderson,Grizzlies,02 March 2021,3 March 2021,1,Illness
Austin Rivers,Knicks,21 February 2021,24 February 2021,3,Illness
Stephen Curry,Warriors,20 February 2021,23 February 2021,3,Illness
Ben Simmons,76ers,17 February 2021,21 February 2021,4,Illness
Frank Jackson,Pistons,09 February 2021,21 February 2021,12,Illness
CJ Elleby,Blazers,11 February 2021,12 February 2021,1,Illness
Juwan Morgan,Jazz,07 February 2021,9 February 2021,2,Illness
Serge Ibaka,Clippers,17 January 2021,19 January 2021,2,Illness
Trey Burke,Mavericks,06 January 2021,9 January 2021,3,Illness
Edmond Sumner,Pacers,26 December 2020,29 December 2020,3,Illness
Robert Williams,Celtics,25 December 2020,27 December 2020,2,Illness
Evan Fournier,Magic,09 August 2020,18 August 2020,9,Illness
Emmanuel Mudiay,Jazz,11 March 2020,30 July 2020,141,Illness
Terry Rozier,Hornets,11 March 2020,29 July 2020,140,Illness
Michael Kidd-Gilchrist,Mavericks,08 March 2020,11 March 2020,3,Illness
Willie Cauley-Stein,Mavericks,10 March 2020,11 March 2020,1,Illness
Marco Belinelli,Spurs,03 March 2020,9 March 2020,6,Illness
Tim Hardaway Jr.,Mavericks,06 March 2020,8 March 2020,2,Illness
Jayson Tatum,Celtics,03 March 2020,4 March 2020,1,Illness
Reggie Bullock,Knicks,29 February 2020,4 March 2020,4,Illness
Anzejs Pasecniks,Wizards,28 February 2020,1 March 2020,2,Illness
Thabo Sefolosha,Rockets,26 February 2020,27 February 2020,1,Illness
Mike Conley,Jazz,12 February 2020,21 February 2020,9,Illness
Mo Bamba,Magic,12 February 2020,20 February 2020,8,Illness
Allonzo Trier,Knicks,06 February 2020,12 February 2020,6,Illness
Nicolas Batum,Hornets,08 February 2020,12 February 2020,4,Illness
Serge Ibaka,Raptors,10 February 2020,12 February 2020,2,Illness
Markieff Morris,Pistons,05 February 2020,10 February 2020,5,Illness
Damyean Dotson,Knicks,06 February 2020,8 February 2020,2,Illness
Terrance Ferguson,Thunder,18 January 2020,5 February 2020,18,Illness
Myles Turner,Pacers,26 January 2020,31 January 2020,5,Illness
Tony Snell,Pistons,24 January 2020,29 January 2020,5,Illness
Robin Lopez,Bucks,18 January 2020,27 January 2020,9,Illness
Sterling Brown,Bucks,24 January 2020,27 January 2020,3,Illness
Goga Bitadze,Pacers,24 January 2020,26 January 2020,2,Illness
Bruce Brown,Pistons,22 January 2020,25 January 2020,3,Illness
DeMarre Carroll,Spurs,20 January 2020,23 January 2020,3,Illness
Draymond Green,Warriors,20 January 2020,22 January 2020,2,Illness
Rudy Gay,Spurs,17 January 2020,22 January 2020,5,Illness
Donovan Mitchell,Jazz,12 January 2020,14 January 2020,2,Illness
Dante Exum,Cavaliers,07 January 2020,13 January 2020,6,Illness
Hassan Whiteside,Blazers,11 January 2020,13 January 2020,2,Illness
LeBron James,Lakers,11 January 2020,13 January 2020,2,Illness
Romeo Langford,Celtics,06 January 2020,12 January 2020,6,Illness
George Hill,Bucks,08 January 2020,9 January 2020,1,Illness
Kemba Walker,Celtics,03 January 2020,8 January 2020,5,Illness
Michael Kidd-Gilchrist,Hornets,06 January 2020,8 January 2020,2,Illness
Tristan Thompson,Cavaliers,05 January 2020,7 January 2020,2,Illness
CJ McCollum,Blazers,05 January 2020,6 January 2020,1,Illness
Andrew Wiggins,Timberwolves,30 December 2019,5 January 2020,6,Illness
Dion Waiters,Heat,03 January 2020,5 January 2020,2,Illness
Treveon Graham,Timberwolves,02 January 2020,5 January 2020,3,Illness
Willie Cauley-Stein,Warriors,31 December 2019,4 January 2020,4,Illness
Cristiano Felicio,Bulls,28 December 2019,3 January 2020,6,Illness
Jaylen Brown,Celtics,31 December 2019,3 January 2020,3,Illness
Montrezl Harrell,Clippers,28 December 2019,30 December 2019,2,Illness
Omari Spellman,Warriors,28 December 2019,30 December 2019,2,Illness
Sekou Doumbouya,Pistons,26 December 2019,30 December 2019,4,Illness
Trevor Ariza,Kings,28 December 2019,29 December 2019,1,Illness
Thabo Sefolosha,Rockets,23 December 2019,28 December 2019,5,Illness
Shabazz Napier,Timberwolves,23 December 2019,26 December 2019,3,Illness
Taj Gibson,Knicks,23 December 2019,26 December 2019,3,Illness
Dion Waiters,Heat,06 December 2019,24 December 2019,18,Illness
Ricky Rubio,Suns,21 December 2019,23 December 2019,2,Illness
Tyler Johnson,Suns,17 December 2019,20 December 2019,3,Illness
James Johnson,Heat,10 December 2019,19 December 2019,9,Illness
Alize Johnson,Pacers,17 December 2019,18 December 2019,1,Illness
Joel Embiid,76ers,15 December 2019,17 December 2019,2,Illness
Tony Bradley,Jazz,13 December 2019,16 December 2019,3,Illness
Tyson Chandler,Rockets,09 December 2019,15 December 2019,6,Illness
Dennis Smith Jr.,Knicks,11 December 2019,13 December 2019,2,Illness
Keita Bates-Diop,Timberwolves,11 December 2019,13 December 2019,2,Illness
Markelle Fultz,Magic,11 December 2019,13 December 2019,2,Illness
Kevin Love,Cavaliers,06 December 2019,7 December 2019,1,Illness
Marcus Smart,Celtics,04 December 2019,6 December 2019,2,Illness
Trey Burke,76ers,02 December 2019,5 December 2019,3,Illness
Cheick Diallo,Suns,02 December 2019,4 December 2019,2,Illness
Clint Capela,Rockets,27 November 2019,3 December 2019,6,Illness
Jonas Valanciunas,Grizzlies,01 December 2019,2 December 2019,1,Illness
Thanasis Antetokounmpo,Bucks,27 November 2019,2 December 2019,5,Illness
Jimmy Butler,Heat,27 November 2019,29 November 2019,2,Illness
Shake Milton,76ers,27 November 2019,28 November 2019,1,Illness
Daniel Theis,Celtics,25 November 2019,27 November 2019,2,Illness
James Johnson,Heat,25 November 2019,27 November 2019,2,Illness
Udonis Haslem,Heat,25 November 2019,27 November 2019,2,Illness
Nerlens Noel,Thunder,22 November 2019,25 November 2019,3,Illness
Seth Curry,Mavericks,20 November 2019,24 November 2019,4,Illness
Andrew Wiggins,Timberwolves,17 November 2019,20 November 2019,3,Illness
Goran Dragic,Heat,16 November 2019,20 November 2019,4,Illness
James Johnson,Heat,12 November 2019,14 November 2019,2,Illness
Malik Beasley,Nuggets,12 November 2019,14 November 2019,2,Illness
Jeff Teague,Timberwolves,06 November 2019,13 November 2019,7,Illness
Romeo Langford,Celtics,05 November 2019,11 November 2019,6,Illness
Jaylen Brown,Celtics,30 October 2019,7 November 2019,8,Illness
Austin Rivers,Rockets,28 April 2019,30 April 2019,2,Illness
Mario Hezonja,Knicks,09 April 2019,10 April 2019,1,Illness
Tyson Chandler,Lakers,27 March 2019,4 April 2019,8,Illness
Marvin Bagley III,Kings,31 March 2019,2 April 2019,2,Illness
Nemanja Bjelica,Kings,29 March 2019,31 March 2019,2,Illness
Nicolas Batum,Hornets,23 March 2019,29 March 2019,6,Illness
Kadeem Allen,Knicks,20 March 2019,22 March 2019,2,Illness
Shabazz Napier,Nets,19 March 2019,22 March 2019,3,Illness
Ersan Ilyasova,Bucks,19 March 2019,20 March 2019,1,Illness
Robert Williams,Celtics,18 March 2019,20 March 2019,2,Illness
Daniel Theis,Celtics,14 March 2019,16 March 2019,2,Illness
Terry Rozier,Celtics,14 March 2019,16 March 2019,2,Illness
Marvin Williams,Hornets,11 March 2019,15 March 2019,4,Illness
Rudy Gay,Spurs,10 March 2019,15 March 2019,5,Illness
Andre Iguodala,Warriors,28 February 2019,2 March 2019,2,Illness
Trey Burke,Mavericks,27 February 2019,2 March 2019,3,Illness
Derrick Jones Jr.,Heat,25 February 2019,27 February 2019,2,Illness
Maxi Kleber,Mavericks,23 February 2019,25 February 2019,2,Illness
Andrew Wiggins,Timberwolves,11 February 2019,21 February 2019,10,Illness
Robert Williams,Celtics,13 February 2019,21 February 2019,8,Illness
Terry Rozier,Celtics,13 February 2019,21 February 2019,8,Illness
Devonte' Graham,Hornets,11 February 2019,14 February 2019,3,Illness
Mike Conley,Grizzlies,12 February 2019,13 February 2019,1,Illness
Kostas Antetokounmpo,Mavericks,08 February 2019,9 February 2019,1,Illness
Trey Burke,Mavericks,02 February 2019,6 February 2019,4,Illness
Abdel Nader,Thunder,03 February 2019,5 February 2019,2,Illness
Mitchell Robinson,Knicks,03 February 2019,5 February 2019,2,Illness
Klay Thompson,Warriors,31 January 2019,2 February 2019,2,Illness
Trey Burke,Knicks,21 January 2019,23 January 2019,2,Illness
Dennis Smith Jr.,Mavericks,16 January 2019,22 January 2019,6,Illness
Enes Kanter,Knicks,11 January 2019,21 January 2019,10,Illness
Josh Richardson,Heat,18 January 2019,19 January 2019,1,Illness
Marcus Smart,Celtics,14 January 2019,16 January 2019,2,Illness
Hassan Whiteside,Heat,12 January 2019,15 January 2019,3,Illness
Anthony Davis,Pelicans,31 December 2018,2 January 2019,2,Illness
James Johnson,Heat,30 December 2018,2 January 2019,3,Illness
Richaun Holmes,Suns,31 December 2018,2 January 2019,2,Illness
Terrance Ferguson,Thunder,30 December 2018,31 December 2018,1,Illness
Udonis Haslem,Heat,28 December 2018,30 December 2018,2,Illness
Tim Hardaway Jr.,Knicks,27 December 2018,29 December 2018,2,Illness
Kyle O'Quinn,Pacers,26 December 2018,28 December 2018,2,Illness
John Wall,Wizards,22 December 2018,23 December 2018,1,Illness
Chandler Hutchison,Bulls,13 December 2018,15 December 2018,2,Illness
Gordon Hayward,Celtics,10 December 2018,14 December 2018,4,Illness
Jaylen Brown,Celtics,12 December 2018,14 December 2018,2,Illness
Mike Muscala,76ers,12 December 2018,14 December 2018,2,Illness
Domantas Sabonis,Pacers,07 December 2018,8 December 2018,1,Illness
Nerlens Noel,Thunder,19 November 2018,21 November 2018,2,Illness
Zach LaVine,Bulls,17 November 2018,21 November 2018,4,Illness
Danilo Gallinari,Clippers,19 November 2018,20 November 2018,1,Illness
Derrick Jones Jr.,Heat,14 November 2018,16 November 2018,2,Illness
Jarrett Allen,Nets,12 November 2018,16 November 2018,4,Illness
Michael Carter-Williams,Rockets,07 November 2018,10 November 2018,3,Illness
Matthew Dellavedova,Bucks,24 October 2018,26 October 2018,2,Illness
Reggie Bullock,Pistons,17 October 2018,20 October 2018,3,Illness
Lance Thomas,Knicks,06 April 2018,7 April 2018,1,Illness
Frank Ntilikina,Knicks,31 March 2018,3 April 2018,3,Illness
Wes Iwundu,Magic,28 March 2018,1 April 2018,4,Illness
Emmanuel Mudiay,Knicks,26 March 2018,28 March 2018,2,Illness
Jeff Green,Cavaliers,25 March 2018,27 March 2018,2,Illness
Jrue Holiday,Pelicans,20 March 2018,21 March 2018,1,Illness
Marc Gasol,Grizzlies,19 March 2018,21 March 2018,2,Illness
Al Horford,Celtics,11 March 2018,16 March 2018,5,Illness
Jahlil Okafor,Nets,26 February 2018,4 March 2018,6,Illness
JaMychal Green,Grizzlies,02 March 2018,3 March 2018,1,Illness
Clint Capela,Rockets,26 February 2018,28 February 2018,2,Illness
Eric Gordon,Rockets,23 February 2018,28 February 2018,5,Illness
Danny Green,Spurs,23 February 2018,25 February 2018,2,Illness
Markieff Morris,Wizards,10 February 2018,14 February 2018,4,Illness
Victor Oladipo,Pacers,05 February 2018,7 February 2018,2,Illness
Ersan Ilyasova,Hawks,04 February 2018,6 February 2018,2,Illness
Hassan Whiteside,Heat,03 February 2018,5 February 2018,2,Illness
Mike Scott,Wizards,03 February 2018,5 February 2018,2,Illness
Wilson Chandler,Nuggets,29 January 2018,1 February 2018,3,Illness
Tyson Chandler,Suns,26 January 2018,28 January 2018,2,Illness
Marc Gasol,Grizzlies,17 January 2018,19 January 2018,2,Illness
Evan Turner,Blazers,12 January 2018,14 January 2018,2,Illness
Jared Dudley,Suns,02 January 2018,7 January 2018,5,Illness
T.J. Warren,Suns,05 January 2018,7 January 2018,2,Illness
Juancho Hernangomez,Nuggets,30 December 2017,2 January 2018,3,Illness
George Hill,Kings,19 December 2017,20 December 2017,1,Illness
Meyers Leonard,Blazers,13 December 2017,14 December 2017,1,Illness
Joe Harris,Nets,09 December 2017,12 December 2017,3,Illness
DeMarre Carroll,Nets,27 November 2017,29 November 2017,2,Illness
Joakim Noah,Knicks,24 November 2017,27 November 2017,3,Illness
Richaun Holmes,76ers,20 November 2017,22 November 2017,2,Illness
Tyson Chandler,Suns,16 November 2017,22 November 2017,6,Illness
Tyler Zeller,Nets,10 November 2017,11 November 2017,1,Illness
Tyler Johnson,Heat,08 November 2017,10 November 2017,2,Illness
Frank Kaminsky,Hornets,29 October 2017,30 October 2017,1,Illness
Jahlil Okafor,76ers,18 October 2017,21 October 2017,3,Illness
Dewayne Dedmon,Spurs,22 April 2017,25 April 2017,3,Illness
James Harden,Rockets,02 April 2017,5 April 2017,3,Illness
T.J. Warren,Suns,02 April 2017,5 April 2017,3,Illness
Taj Gibson,Thunder,31 March 2017,2 April 2017,2,Illness
Avery Bradley,Celtics,24 March 2017,26 March 2017,2,Illness
Danilo Gallinari,Nuggets,08 March 2017,10 March 2017,2,Illness
Nikola Jokic,Nuggets,06 March 2017,10 March 2017,4,Illness
Tyler Zeller,Celtics,03 March 2017,5 March 2017,2,Illness
Caris LeVert,Nets,25 February 2017,28 February 2017,3,Illness
LeBron James,Cavaliers,25 February 2017,27 February 2017,2,Illness
Wilson Chandler,Nuggets,13 February 2017,23 February 2017,10,Illness
Reggie Bullock,Pistons,06 February 2017,8 February 2017,2,Illness
Julius Randle,Lakers,03 February 2017,6 February 2017,3,Illness
Jared Dudley,Suns,01 February 2017,4 February 2017,3,Illness
Kristaps Porzingis,Knicks,31 January 2017,1 February 2017,1,Illness
Tyler Zeller,Celtics,03 January 2017,21 January 2017,18,Illness
Jimmy Butler,Bulls,10 January 2017,14 January 2017,4,Illness
Cody Zeller,Hornets,09 January 2017,13 January 2017,4,Illness
Nikola Jokic,Nuggets,06 January 2017,12 January 2017,6,Illness
Austin Rivers,Clippers,08 January 2017,11 January 2017,3,Illness
Giannis Antetokounmpo,Bucks,08 January 2017,10 January 2017,2,Illness
Kevin Love,Cavaliers,04 January 2017,6 January 2017,2,Illness
James Johnson,Heat,03 January 2017,4 January 2017,1,Illness
Avery Bradley,Celtics,30 December 2016,3 January 2017,4,Illness
Kyle Korver,Hawks,23 December 2016,26 December 2016,3,Illness
Tyler Johnson,Heat,16 December 2016,18 December 2016,2,Illness
Joakim Noah,Knicks,20 November 2016,25 November 2016,5,Illness
Richaun Holmes,76ers,23 November 2016,25 November 2016,2,Illness
Rodney Hood,Jazz,14 November 2016,17 November 2016,3,Illness
Jusuf Nurkic,Nuggets,28 March 2016,2 April 2016,5,Illness
Goran Dragic,Heat,28 March 2016,30 March 2016,2,Illness
Kentavious Caldwell-Pope,Pistons,23 March 2016,25 March 2016,2,Illness
Reggie Bullock,Pistons,23 March 2016,25 March 2016,2,Illness
Kevin Love,Cavaliers,21 March 2016,23 March 2016,2,Illness
Willie Cauley-Stein,Kings,18 March 2016,21 March 2016,3,Illness
Udonis Haslem,Heat,27 February 2016,1 March 2016,3,Illness
Dewayne Dedmon,Magic,19 February 2016,21 February 2016,2,Illness
Ersan Ilyasova,Magic,10 February 2016,19 February 2016,9,Illness
Reggie Jackson,Pistons,10 February 2016,19 February 2016,9,Illness
Kyle Anderson,Spurs,09 February 2016,10 February 2016,1,Illness
Montrezl Harrell,Rockets,02 February 2016,6 February 2016,4,Illness
Jahlil Okafor,76ers,26 January 2016,30 January 2016,4,Illness
Lou Williams,Lakers,28 January 2016,29 January 2016,1,Illness
Nicolas Batum,Hornets,17 December 2015,19 December 2015,2,Illness
Clint Capela,Rockets,14 December 2015,15 December 2015,1,Illness
J.R. Smith,Cavaliers,11 December 2015,15 December 2015,4,Illness
Markieff Morris,Suns,09 December 2015,11 December 2015,2,Illness
Carmelo Anthony,Knicks,29 November 2015,2 December 2015,3,Illness
Tyson Chandler,Suns,25 November 2015,27 November 2015,2,Illness
T.J. Warren,Suns,18 November 2015,20 November 2015,2,Illness
Andre Roberson,Thunder,16 November 2015,18 November 2015,2,Illness
Udonis Haslem,Heat,31 March 2015,4 April 2015,4,Illness
Rodney Hood,Jazz,25 March 2015,28 March 2015,3,Illness
Taj Gibson,Bulls,23 February 2015,25 February 2015,2,Illness
Ersan Ilyasova,Bucks,20 February 2015,21 February 2015,1,Illness
JaVale McGee,Nuggets,03 February 2015,9 February 2015,6,Illness
Jimmy Butler,Bulls,27 January 2015,29 January 2015,2,Illness
Al Horford,Hawks,30 December 2014,2 January 2015,3,Illness
Derrick Rose,Bulls,18 December 2014,22 December 2014,4,Illness
DeMarcus Cousins,Kings,28 November 2014,18 December 2014,20,Illness
Thabo Sefolosha,Hawks,26 November 2014,29 November 2014,3,Illness
Joakim Noah,Bulls,04 November 2014,7 November 2014,3,Illness
Rudy Gay,Kings,07 February 2014,9 February 2014,2,Illness
Dion Waiters,Cavaliers,15 November 2013,20 November 2013,5,Illness
Ersan Ilyasova,Bucks,10 April 2013,12 April 2013,2,Illness
Udonis Haslem,Heat,10 December 2012,12 December 2012,2,Illness